   0.0000000e+00	   0.0000000e+00	
   9.9999900e-04	   0.0000000e+00	
   1.0000000e-03	   6.2790520e-02	
   1.9999980e-03	   6.2790520e-02	
   2.0000000e-03	   1.2533323e-01	
   2.9999970e-03	   1.2533323e-01	
   3.0000000e-03	   1.8738131e-01	
   3.9999960e-03	   1.8738131e-01	
   4.0000000e-03	   2.4868989e-01	
   4.9999950e-03	   2.4868989e-01	
   5.0000000e-03	   3.0901699e-01	
   5.9999940e-03	   3.0901699e-01	
   6.0000000e-03	   3.6812455e-01	
   6.9999930e-03	   3.6812455e-01	
   7.0000000e-03	   4.2577929e-01	
   7.9999920e-03	   4.2577929e-01	
   8.0000000e-03	   4.8175367e-01	
   8.9999910e-03	   4.8175367e-01	
   9.0000000e-03	   5.3582679e-01	
   9.9999900e-03	   5.3582679e-01	
   1.0000000e-02	   5.8778525e-01	
   1.0999989e-02	   5.8778525e-01	
   1.1000000e-02	   6.3742399e-01	
   1.1999988e-02	   6.3742399e-01	
   1.2000000e-02	   6.8454711e-01	
   1.2999987e-02	   6.8454711e-01	
   1.3000000e-02	   7.2896863e-01	
   1.3999986e-02	   7.2896863e-01	
   1.4000000e-02	   7.7051324e-01	
   1.4999985e-02	   7.7051324e-01	
   1.5000000e-02	   8.0901699e-01	
   1.5999984e-02	   8.0901699e-01	
   1.6000000e-02	   8.4432793e-01	
   1.6999983e-02	   8.4432793e-01	
   1.7000000e-02	   8.7630668e-01	
   1.7999982e-02	   8.7630668e-01	
   1.8000000e-02	   9.0482705e-01	
   1.8999981e-02	   9.0482705e-01	
   1.9000000e-02	   9.2977649e-01	
   1.9999980e-02	   9.2977649e-01	
   2.0000000e-02	   9.5105652e-01	
   2.0999979e-02	   9.5105652e-01	
   2.1000000e-02	   9.6858316e-01	
   2.1999978e-02	   9.6858316e-01	
   2.2000000e-02	   9.8228725e-01	
   2.2999977e-02	   9.8228725e-01	
   2.3000000e-02	   9.9211470e-01	
   2.3999976e-02	   9.9211470e-01	
   2.4000000e-02	   9.9802673e-01	
   2.4999975e-02	   9.9802673e-01	
   2.5000000e-02	   1.0000000e+00	
   2.5999974e-02	   1.0000000e+00	
   2.6000000e-02	   9.9802673e-01	
   2.6999973e-02	   9.9802673e-01	
   2.7000000e-02	   9.9211470e-01	
   2.7999972e-02	   9.9211470e-01	
   2.8000000e-02	   9.8228725e-01	
   2.8999971e-02	   9.8228725e-01	
   2.9000000e-02	   9.6858316e-01	
   2.9999970e-02	   9.6858316e-01	
   3.0000000e-02	   9.5105652e-01	
   3.0999969e-02	   9.5105652e-01	
   3.1000000e-02	   9.2977649e-01	
   3.1999968e-02	   9.2977649e-01	
   3.2000000e-02	   9.0482705e-01	
   3.2999967e-02	   9.0482705e-01	
   3.3000000e-02	   8.7630668e-01	
   3.3999966e-02	   8.7630668e-01	
   3.4000000e-02	   8.4432793e-01	
   3.4999965e-02	   8.4432793e-01	
   3.5000000e-02	   8.0901699e-01	
   3.5999964e-02	   8.0901699e-01	
   3.6000000e-02	   7.7051324e-01	
   3.6999963e-02	   7.7051324e-01	
   3.7000000e-02	   7.2896863e-01	
   3.7999962e-02	   7.2896863e-01	
   3.8000000e-02	   6.8454711e-01	
   3.8999961e-02	   6.8454711e-01	
   3.9000000e-02	   6.3742399e-01	
   3.9999960e-02	   6.3742399e-01	
   4.0000000e-02	   5.8778525e-01	
   4.0999959e-02	   5.8778525e-01	
   4.1000000e-02	   5.3582679e-01	
   4.1999958e-02	   5.3582679e-01	
   4.2000000e-02	   4.8175367e-01	
   4.2999957e-02	   4.8175367e-01	
   4.3000000e-02	   4.2577929e-01	
   4.3999956e-02	   4.2577929e-01	
   4.4000000e-02	   3.6812455e-01	
   4.4999955e-02	   3.6812455e-01	
   4.5000000e-02	   3.0901699e-01	
   4.5999954e-02	   3.0901699e-01	
   4.6000000e-02	   2.4868989e-01	
   4.6999953e-02	   2.4868989e-01	
   4.7000000e-02	   1.8738131e-01	
   4.7999952e-02	   1.8738131e-01	
   4.8000000e-02	   1.2533323e-01	
   4.8999951e-02	   1.2533323e-01	
   4.9000000e-02	   6.2790520e-02	
   4.9999950e-02	   6.2790520e-02	
   5.0000000e-02	   1.2246468e-16	
   5.0999949e-02	   1.2246468e-16	
   5.1000000e-02	  -6.2790520e-02	
   5.1999948e-02	  -6.2790520e-02	
   5.2000000e-02	  -1.2533323e-01	
   5.2999947e-02	  -1.2533323e-01	
   5.3000000e-02	  -1.8738131e-01	
   5.3999946e-02	  -1.8738131e-01	
   5.4000000e-02	  -2.4868989e-01	
   5.4999945e-02	  -2.4868989e-01	
   5.5000000e-02	  -3.0901699e-01	
   5.5999944e-02	  -3.0901699e-01	
   5.6000000e-02	  -3.6812455e-01	
   5.6999943e-02	  -3.6812455e-01	
   5.7000000e-02	  -4.2577929e-01	
   5.7999942e-02	  -4.2577929e-01	
   5.8000000e-02	  -4.8175367e-01	
   5.8999941e-02	  -4.8175367e-01	
   5.9000000e-02	  -5.3582679e-01	
   5.9999940e-02	  -5.3582679e-01	
   6.0000000e-02	  -5.8778525e-01	
   6.0999939e-02	  -5.8778525e-01	
   6.1000000e-02	  -6.3742399e-01	
   6.1999938e-02	  -6.3742399e-01	
   6.2000000e-02	  -6.8454711e-01	
   6.2999937e-02	  -6.8454711e-01	
   6.3000000e-02	  -7.2896863e-01	
   6.3999936e-02	  -7.2896863e-01	
   6.4000000e-02	  -7.7051324e-01	
   6.4999935e-02	  -7.7051324e-01	
   6.5000000e-02	  -8.0901699e-01	
   6.5999934e-02	  -8.0901699e-01	
   6.6000000e-02	  -8.4432793e-01	
   6.6999933e-02	  -8.4432793e-01	
   6.7000000e-02	  -8.7630668e-01	
   6.7999932e-02	  -8.7630668e-01	
   6.8000000e-02	  -9.0482705e-01	
   6.8999931e-02	  -9.0482705e-01	
   6.9000000e-02	  -9.2977649e-01	
   6.9999930e-02	  -9.2977649e-01	
   7.0000000e-02	  -9.5105652e-01	
   7.0999929e-02	  -9.5105652e-01	
   7.1000000e-02	  -9.6858316e-01	
   7.1999928e-02	  -9.6858316e-01	
   7.2000000e-02	  -9.8228725e-01	
   7.2999927e-02	  -9.8228725e-01	
   7.3000000e-02	  -9.9211470e-01	
   7.3999926e-02	  -9.9211470e-01	
   7.4000000e-02	  -9.9802673e-01	
   7.4999925e-02	  -9.9802673e-01	
   7.5000000e-02	  -1.0000000e+00	
   7.5999924e-02	  -1.0000000e+00	
   7.6000000e-02	  -9.9802673e-01	
   7.6999923e-02	  -9.9802673e-01	
   7.7000000e-02	  -9.9211470e-01	
   7.7999922e-02	  -9.9211470e-01	
   7.8000000e-02	  -9.8228725e-01	
   7.8999921e-02	  -9.8228725e-01	
   7.9000000e-02	  -9.6858316e-01	
   7.9999920e-02	  -9.6858316e-01	
   8.0000000e-02	  -9.5105652e-01	
   8.0999919e-02	  -9.5105652e-01	
   8.1000000e-02	  -9.2977649e-01	
   8.1999918e-02	  -9.2977649e-01	
   8.2000000e-02	  -9.0482705e-01	
   8.2999917e-02	  -9.0482705e-01	
   8.3000000e-02	  -8.7630668e-01	
   8.3999916e-02	  -8.7630668e-01	
   8.4000000e-02	  -8.4432793e-01	
   8.4999915e-02	  -8.4432793e-01	
   8.5000000e-02	  -8.0901699e-01	
   8.5999914e-02	  -8.0901699e-01	
   8.6000000e-02	  -7.7051324e-01	
   8.6999913e-02	  -7.7051324e-01	
   8.7000000e-02	  -7.2896863e-01	
   8.7999912e-02	  -7.2896863e-01	
   8.8000000e-02	  -6.8454711e-01	
   8.8999911e-02	  -6.8454711e-01	
   8.9000000e-02	  -6.3742399e-01	
   8.9999910e-02	  -6.3742399e-01	
   9.0000000e-02	  -5.8778525e-01	
   9.0999909e-02	  -5.8778525e-01	
   9.1000000e-02	  -5.3582679e-01	
   9.1999908e-02	  -5.3582679e-01	
   9.2000000e-02	  -4.8175367e-01	
   9.2999907e-02	  -4.8175367e-01	
   9.3000000e-02	  -4.2577929e-01	
   9.3999906e-02	  -4.2577929e-01	
   9.4000000e-02	  -3.6812455e-01	
   9.4999905e-02	  -3.6812455e-01	
   9.5000000e-02	  -3.0901699e-01	
   9.5999904e-02	  -3.0901699e-01	
   9.6000000e-02	  -2.4868989e-01	
   9.6999903e-02	  -2.4868989e-01	
   9.7000000e-02	  -1.8738131e-01	
   9.7999902e-02	  -1.8738131e-01	
   9.8000000e-02	  -1.2533323e-01	
   9.8999901e-02	  -1.2533323e-01	
   9.9000000e-02	  -6.2790520e-02	
   9.9999900e-02	  -6.2790520e-02	
   1.0000000e-01	  -2.4492936e-16	
   1.0099990e-01	  -2.4492936e-16	
   1.0100000e-01	   6.2790520e-02	
   1.0199990e-01	   6.2790520e-02	
   1.0200000e-01	   1.2533323e-01	
   1.0299990e-01	   1.2533323e-01	
   1.0300000e-01	   1.8738131e-01	
   1.0399990e-01	   1.8738131e-01	
   1.0400000e-01	   2.4868989e-01	
   1.0499989e-01	   2.4868989e-01	
   1.0500000e-01	   3.0901699e-01	
   1.0599989e-01	   3.0901699e-01	
   1.0600000e-01	   3.6812455e-01	
   1.0699989e-01	   3.6812455e-01	
   1.0700000e-01	   4.2577929e-01	
   1.0799989e-01	   4.2577929e-01	
   1.0800000e-01	   4.8175367e-01	
   1.0899989e-01	   4.8175367e-01	
   1.0900000e-01	   5.3582679e-01	
   1.0999989e-01	   5.3582679e-01	
   1.1000000e-01	   5.8778525e-01	
   1.1099989e-01	   5.8778525e-01	
   1.1100000e-01	   6.3742399e-01	
   1.1199989e-01	   6.3742399e-01	
   1.1200000e-01	   6.8454711e-01	
   1.1299989e-01	   6.8454711e-01	
   1.1300000e-01	   7.2896863e-01	
   1.1399989e-01	   7.2896863e-01	
   1.1400000e-01	   7.7051324e-01	
   1.1499988e-01	   7.7051324e-01	
   1.1500000e-01	   8.0901699e-01	
   1.1599988e-01	   8.0901699e-01	
   1.1600000e-01	   8.4432793e-01	
   1.1699988e-01	   8.4432793e-01	
   1.1700000e-01	   8.7630668e-01	
   1.1799988e-01	   8.7630668e-01	
   1.1800000e-01	   9.0482705e-01	
   1.1899988e-01	   9.0482705e-01	
   1.1900000e-01	   9.2977649e-01	
   1.1999988e-01	   9.2977649e-01	
   1.2000000e-01	   9.5105652e-01	
   1.2099988e-01	   9.5105652e-01	
   1.2100000e-01	   9.6858316e-01	
   1.2199988e-01	   9.6858316e-01	
   1.2200000e-01	   9.8228725e-01	
   1.2299988e-01	   9.8228725e-01	
   1.2300000e-01	   9.9211470e-01	
   1.2399988e-01	   9.9211470e-01	
   1.2400000e-01	   9.9802673e-01	
   1.2499987e-01	   9.9802673e-01	
   1.2500000e-01	   1.0000000e+00	
   1.2599987e-01	   1.0000000e+00	
   1.2600000e-01	   9.9802673e-01	
   1.2699987e-01	   9.9802673e-01	
   1.2700000e-01	   9.9211470e-01	
   1.2799987e-01	   9.9211470e-01	
   1.2800000e-01	   9.8228725e-01	
   1.2899987e-01	   9.8228725e-01	
   1.2900000e-01	   9.6858316e-01	
   1.2999987e-01	   9.6858316e-01	
   1.3000000e-01	   9.5105652e-01	
   1.3099987e-01	   9.5105652e-01	
   1.3100000e-01	   9.2977649e-01	
   1.3199987e-01	   9.2977649e-01	
   1.3200000e-01	   9.0482705e-01	
   1.3299987e-01	   9.0482705e-01	
   1.3300000e-01	   8.7630668e-01	
   1.3399987e-01	   8.7630668e-01	
   1.3400000e-01	   8.4432793e-01	
   1.3499986e-01	   8.4432793e-01	
   1.3500000e-01	   8.0901699e-01	
   1.3599986e-01	   8.0901699e-01	
   1.3600000e-01	   7.7051324e-01	
   1.3699986e-01	   7.7051324e-01	
   1.3700000e-01	   7.2896863e-01	
   1.3799986e-01	   7.2896863e-01	
   1.3800000e-01	   6.8454711e-01	
   1.3899986e-01	   6.8454711e-01	
   1.3900000e-01	   6.3742399e-01	
   1.3999986e-01	   6.3742399e-01	
   1.4000000e-01	   5.8778525e-01	
   1.4099986e-01	   5.8778525e-01	
   1.4100000e-01	   5.3582679e-01	
   1.4199986e-01	   5.3582679e-01	
   1.4200000e-01	   4.8175367e-01	
   1.4299986e-01	   4.8175367e-01	
   1.4300000e-01	   4.2577929e-01	
   1.4399986e-01	   4.2577929e-01	
   1.4400000e-01	   3.6812455e-01	
   1.4499985e-01	   3.6812455e-01	
   1.4500000e-01	   3.0901699e-01	
   1.4599985e-01	   3.0901699e-01	
   1.4600000e-01	   2.4868989e-01	
   1.4699985e-01	   2.4868989e-01	
   1.4700000e-01	   1.8738131e-01	
   1.4799985e-01	   1.8738131e-01	
   1.4800000e-01	   1.2533323e-01	
   1.4899985e-01	   1.2533323e-01	
   1.4900000e-01	   6.2790520e-02	
   1.4999985e-01	   6.2790520e-02	
   1.5000000e-01	   3.6739404e-16	
   1.5099985e-01	   3.6739404e-16	
   1.5100000e-01	  -6.2790520e-02	
   1.5199985e-01	  -6.2790520e-02	
   1.5200000e-01	  -1.2533323e-01	
   1.5299985e-01	  -1.2533323e-01	
   1.5300000e-01	  -1.8738131e-01	
   1.5399985e-01	  -1.8738131e-01	
   1.5400000e-01	  -2.4868989e-01	
   1.5499984e-01	  -2.4868989e-01	
   1.5500000e-01	  -3.0901699e-01	
   1.5599984e-01	  -3.0901699e-01	
   1.5600000e-01	  -3.6812455e-01	
   1.5699984e-01	  -3.6812455e-01	
   1.5700000e-01	  -4.2577929e-01	
   1.5799984e-01	  -4.2577929e-01	
   1.5800000e-01	  -4.8175367e-01	
   1.5899984e-01	  -4.8175367e-01	
   1.5900000e-01	  -5.3582679e-01	
   1.5999984e-01	  -5.3582679e-01	
   1.6000000e-01	  -5.8778525e-01	
   1.6099984e-01	  -5.8778525e-01	
   1.6100000e-01	  -6.3742399e-01	
   1.6199984e-01	  -6.3742399e-01	
   1.6200000e-01	  -6.8454711e-01	
   1.6299984e-01	  -6.8454711e-01	
   1.6300000e-01	  -7.2896863e-01	
   1.6399984e-01	  -7.2896863e-01	
   1.6400000e-01	  -7.7051324e-01	
   1.6499983e-01	  -7.7051324e-01	
   1.6500000e-01	  -8.0901699e-01	
   1.6599983e-01	  -8.0901699e-01	
   1.6600000e-01	  -8.4432793e-01	
   1.6699983e-01	  -8.4432793e-01	
   1.6700000e-01	  -8.7630668e-01	
   1.6799983e-01	  -8.7630668e-01	
   1.6800000e-01	  -9.0482705e-01	
   1.6899983e-01	  -9.0482705e-01	
   1.6900000e-01	  -9.2977649e-01	
   1.6999983e-01	  -9.2977649e-01	
   1.7000000e-01	  -9.5105652e-01	
   1.7099983e-01	  -9.5105652e-01	
   1.7100000e-01	  -9.6858316e-01	
   1.7199983e-01	  -9.6858316e-01	
   1.7200000e-01	  -9.8228725e-01	
   1.7299983e-01	  -9.8228725e-01	
   1.7300000e-01	  -9.9211470e-01	
   1.7399983e-01	  -9.9211470e-01	
   1.7400000e-01	  -9.9802673e-01	
   1.7499982e-01	  -9.9802673e-01	
   1.7500000e-01	  -1.0000000e+00	
   1.7599982e-01	  -1.0000000e+00	
   1.7600000e-01	  -9.9802673e-01	
   1.7699982e-01	  -9.9802673e-01	
   1.7700000e-01	  -9.9211470e-01	
   1.7799982e-01	  -9.9211470e-01	
   1.7800000e-01	  -9.8228725e-01	
   1.7899982e-01	  -9.8228725e-01	
   1.7900000e-01	  -9.6858316e-01	
   1.7999982e-01	  -9.6858316e-01	
   1.8000000e-01	  -9.5105652e-01	
   1.8099982e-01	  -9.5105652e-01	
   1.8100000e-01	  -9.2977649e-01	
   1.8199982e-01	  -9.2977649e-01	
   1.8200000e-01	  -9.0482705e-01	
   1.8299982e-01	  -9.0482705e-01	
   1.8300000e-01	  -8.7630668e-01	
   1.8399982e-01	  -8.7630668e-01	
   1.8400000e-01	  -8.4432793e-01	
   1.8499981e-01	  -8.4432793e-01	
   1.8500000e-01	  -8.0901699e-01	
   1.8599981e-01	  -8.0901699e-01	
   1.8600000e-01	  -7.7051324e-01	
   1.8699981e-01	  -7.7051324e-01	
   1.8700000e-01	  -7.2896863e-01	
   1.8799981e-01	  -7.2896863e-01	
   1.8800000e-01	  -6.8454711e-01	
   1.8899981e-01	  -6.8454711e-01	
   1.8900000e-01	  -6.3742399e-01	
   1.8999981e-01	  -6.3742399e-01	
   1.9000000e-01	  -5.8778525e-01	
   1.9099981e-01	  -5.8778525e-01	
   1.9100000e-01	  -5.3582679e-01	
   1.9199981e-01	  -5.3582679e-01	
   1.9200000e-01	  -4.8175367e-01	
   1.9299981e-01	  -4.8175367e-01	
   1.9300000e-01	  -4.2577929e-01	
   1.9399981e-01	  -4.2577929e-01	
   1.9400000e-01	  -3.6812455e-01	
   1.9499980e-01	  -3.6812455e-01	
   1.9500000e-01	  -3.0901699e-01	
   1.9599980e-01	  -3.0901699e-01	
   1.9600000e-01	  -2.4868989e-01	
   1.9699980e-01	  -2.4868989e-01	
   1.9700000e-01	  -1.8738131e-01	
   1.9799980e-01	  -1.8738131e-01	
   1.9800000e-01	  -1.2533323e-01	
   1.9899980e-01	  -1.2533323e-01	
   1.9900000e-01	  -6.2790520e-02	
   1.9999980e-01	  -6.2790520e-02	
   2.0000000e-01	  -4.8985872e-16	
   2.0099980e-01	  -4.8985872e-16	
   2.0100000e-01	   6.2790520e-02	
   2.0199980e-01	   6.2790520e-02	
   2.0200000e-01	   1.2533323e-01	
   2.0299980e-01	   1.2533323e-01	
   2.0300000e-01	   1.8738131e-01	
   2.0399980e-01	   1.8738131e-01	
   2.0400000e-01	   2.4868989e-01	
   2.0499980e-01	   2.4868989e-01	
   2.0500000e-01	   3.0901699e-01	
   2.0599979e-01	   3.0901699e-01	
   2.0600000e-01	   3.6812455e-01	
   2.0699979e-01	   3.6812455e-01	
   2.0700000e-01	   4.2577929e-01	
   2.0799979e-01	   4.2577929e-01	
   2.0800000e-01	   4.8175367e-01	
   2.0899979e-01	   4.8175367e-01	
   2.0900000e-01	   5.3582679e-01	
   2.0999979e-01	   5.3582679e-01	
   2.1000000e-01	   5.8778525e-01	
   2.1099979e-01	   5.8778525e-01	
   2.1100000e-01	   6.3742399e-01	
   2.1199979e-01	   6.3742399e-01	
   2.1200000e-01	   6.8454711e-01	
   2.1299979e-01	   6.8454711e-01	
   2.1300000e-01	   7.2896863e-01	
   2.1399979e-01	   7.2896863e-01	
   2.1400000e-01	   7.7051324e-01	
   2.1499978e-01	   7.7051324e-01	
   2.1500000e-01	   8.0901699e-01	
   2.1599978e-01	   8.0901699e-01	
   2.1600000e-01	   8.4432793e-01	
   2.1699978e-01	   8.4432793e-01	
   2.1700000e-01	   8.7630668e-01	
   2.1799978e-01	   8.7630668e-01	
   2.1800000e-01	   9.0482705e-01	
   2.1899978e-01	   9.0482705e-01	
   2.1900000e-01	   9.2977649e-01	
   2.1999978e-01	   9.2977649e-01	
   2.2000000e-01	   9.5105652e-01	
   2.2099978e-01	   9.5105652e-01	
   2.2100000e-01	   9.6858316e-01	
   2.2199978e-01	   9.6858316e-01	
   2.2200000e-01	   9.8228725e-01	
   2.2299978e-01	   9.8228725e-01	
   2.2300000e-01	   9.9211470e-01	
   2.2399978e-01	   9.9211470e-01	
   2.2400000e-01	   9.9802673e-01	
   2.2499978e-01	   9.9802673e-01	
   2.2500000e-01	   1.0000000e+00	
   2.2599977e-01	   1.0000000e+00	
   2.2600000e-01	   9.9802673e-01	
   2.2699977e-01	   9.9802673e-01	
   2.2700000e-01	   9.9211470e-01	
   2.2799977e-01	   9.9211470e-01	
   2.2800000e-01	   9.8228725e-01	
   2.2899977e-01	   9.8228725e-01	
   2.2900000e-01	   9.6858316e-01	
   2.2999977e-01	   9.6858316e-01	
   2.3000000e-01	   9.5105652e-01	
   2.3099977e-01	   9.5105652e-01	
   2.3100000e-01	   9.2977649e-01	
   2.3199977e-01	   9.2977649e-01	
   2.3200000e-01	   9.0482705e-01	
   2.3299977e-01	   9.0482705e-01	
   2.3300000e-01	   8.7630668e-01	
   2.3399977e-01	   8.7630668e-01	
   2.3400000e-01	   8.4432793e-01	
   2.3499976e-01	   8.4432793e-01	
   2.3500000e-01	   8.0901699e-01	
   2.3599976e-01	   8.0901699e-01	
   2.3600000e-01	   7.7051324e-01	
   2.3699976e-01	   7.7051324e-01	
   2.3700000e-01	   7.2896863e-01	
   2.3799976e-01	   7.2896863e-01	
   2.3800000e-01	   6.8454711e-01	
   2.3899976e-01	   6.8454711e-01	
   2.3900000e-01	   6.3742399e-01	
   2.3999976e-01	   6.3742399e-01	
   2.4000000e-01	   5.8778525e-01	
   2.4099976e-01	   5.8778525e-01	
   2.4100000e-01	   5.3582679e-01	
   2.4199976e-01	   5.3582679e-01	
   2.4200000e-01	   4.8175367e-01	
   2.4299976e-01	   4.8175367e-01	
   2.4300000e-01	   4.2577929e-01	
   2.4399976e-01	   4.2577929e-01	
   2.4400000e-01	   3.6812455e-01	
   2.4499975e-01	   3.6812455e-01	
   2.4500000e-01	   3.0901699e-01	
   2.4599975e-01	   3.0901699e-01	
   2.4600000e-01	   2.4868989e-01	
   2.4699975e-01	   2.4868989e-01	
   2.4700000e-01	   1.8738131e-01	
   2.4799975e-01	   1.8738131e-01	
   2.4800000e-01	   1.2533323e-01	
   2.4899975e-01	   1.2533323e-01	
   2.4900000e-01	   6.2790520e-02	
   2.4999975e-01	   6.2790520e-02	
   2.5000000e-01	   6.1232340e-16	
   2.5099975e-01	   6.1232340e-16	
   2.5100000e-01	  -6.2790520e-02	
   2.5199975e-01	  -6.2790520e-02	
   2.5200000e-01	  -1.2533323e-01	
   2.5299975e-01	  -1.2533323e-01	
   2.5300000e-01	  -1.8738131e-01	
   2.5399975e-01	  -1.8738131e-01	
   2.5400000e-01	  -2.4868989e-01	
   2.5499974e-01	  -2.4868989e-01	
   2.5500000e-01	  -3.0901699e-01	
   2.5599974e-01	  -3.0901699e-01	
   2.5600000e-01	  -3.6812455e-01	
   2.5699974e-01	  -3.6812455e-01	
   2.5700000e-01	  -4.2577929e-01	
   2.5799974e-01	  -4.2577929e-01	
   2.5800000e-01	  -4.8175367e-01	
   2.5899974e-01	  -4.8175367e-01	
   2.5900000e-01	  -5.3582679e-01	
   2.5999974e-01	  -5.3582679e-01	
   2.6000000e-01	  -5.8778525e-01	
   2.6099974e-01	  -5.8778525e-01	
   2.6100000e-01	  -6.3742399e-01	
   2.6199974e-01	  -6.3742399e-01	
   2.6200000e-01	  -6.8454711e-01	
   2.6299974e-01	  -6.8454711e-01	
   2.6300000e-01	  -7.2896863e-01	
   2.6399974e-01	  -7.2896863e-01	
   2.6400000e-01	  -7.7051324e-01	
   2.6499974e-01	  -7.7051324e-01	
   2.6500000e-01	  -8.0901699e-01	
   2.6599973e-01	  -8.0901699e-01	
   2.6600000e-01	  -8.4432793e-01	
   2.6699973e-01	  -8.4432793e-01	
   2.6700000e-01	  -8.7630668e-01	
   2.6799973e-01	  -8.7630668e-01	
   2.6800000e-01	  -9.0482705e-01	
   2.6899973e-01	  -9.0482705e-01	
   2.6900000e-01	  -9.2977649e-01	
   2.6999973e-01	  -9.2977649e-01	
   2.7000000e-01	  -9.5105652e-01	
   2.7099973e-01	  -9.5105652e-01	
   2.7100000e-01	  -9.6858316e-01	
   2.7199973e-01	  -9.6858316e-01	
   2.7200000e-01	  -9.8228725e-01	
   2.7299973e-01	  -9.8228725e-01	
   2.7300000e-01	  -9.9211470e-01	
   2.7399973e-01	  -9.9211470e-01	
   2.7400000e-01	  -9.9802673e-01	
   2.7499973e-01	  -9.9802673e-01	
   2.7500000e-01	  -1.0000000e+00	
   2.7599972e-01	  -1.0000000e+00	
   2.7600000e-01	  -9.9802673e-01	
   2.7699972e-01	  -9.9802673e-01	
   2.7700000e-01	  -9.9211470e-01	
   2.7799972e-01	  -9.9211470e-01	
   2.7800000e-01	  -9.8228725e-01	
   2.7899972e-01	  -9.8228725e-01	
   2.7900000e-01	  -9.6858316e-01	
   2.7999972e-01	  -9.6858316e-01	
   2.8000000e-01	  -9.5105652e-01	
   2.8099972e-01	  -9.5105652e-01	
   2.8100000e-01	  -9.2977649e-01	
   2.8199972e-01	  -9.2977649e-01	
   2.8200000e-01	  -9.0482705e-01	
   2.8299972e-01	  -9.0482705e-01	
   2.8300000e-01	  -8.7630668e-01	
   2.8399972e-01	  -8.7630668e-01	
   2.8400000e-01	  -8.4432793e-01	
   2.8499971e-01	  -8.4432793e-01	
   2.8500000e-01	  -8.0901699e-01	
   2.8599971e-01	  -8.0901699e-01	
   2.8600000e-01	  -7.7051324e-01	
   2.8699971e-01	  -7.7051324e-01	
   2.8700000e-01	  -7.2896863e-01	
   2.8799971e-01	  -7.2896863e-01	
   2.8800000e-01	  -6.8454711e-01	
   2.8899971e-01	  -6.8454711e-01	
   2.8900000e-01	  -6.3742399e-01	
   2.8999971e-01	  -6.3742399e-01	
   2.9000000e-01	  -5.8778525e-01	
   2.9099971e-01	  -5.8778525e-01	
   2.9100000e-01	  -5.3582679e-01	
   2.9199971e-01	  -5.3582679e-01	
   2.9200000e-01	  -4.8175367e-01	
   2.9299971e-01	  -4.8175367e-01	
   2.9300000e-01	  -4.2577929e-01	
   2.9399971e-01	  -4.2577929e-01	
   2.9400000e-01	  -3.6812455e-01	
   2.9499971e-01	  -3.6812455e-01	
   2.9500000e-01	  -3.0901699e-01	
   2.9599970e-01	  -3.0901699e-01	
   2.9600000e-01	  -2.4868989e-01	
   2.9699970e-01	  -2.4868989e-01	
   2.9700000e-01	  -1.8738131e-01	
   2.9799970e-01	  -1.8738131e-01	
   2.9800000e-01	  -1.2533323e-01	
   2.9899970e-01	  -1.2533323e-01	
   2.9900000e-01	  -6.2790520e-02	
   2.9999970e-01	  -6.2790520e-02	
   3.0000000e-01	  -7.3478808e-16	
   3.0099970e-01	  -7.3478808e-16	
   3.0100000e-01	   6.2790520e-02	
   3.0199970e-01	   6.2790520e-02	
   3.0200000e-01	   1.2533323e-01	
   3.0299970e-01	   1.2533323e-01	
   3.0300000e-01	   1.8738131e-01	
   3.0399970e-01	   1.8738131e-01	
   3.0400000e-01	   2.4868989e-01	
   3.0499969e-01	   2.4868989e-01	
   3.0500000e-01	   3.0901699e-01	
   3.0599969e-01	   3.0901699e-01	
   3.0600000e-01	   3.6812455e-01	
   3.0699969e-01	   3.6812455e-01	
   3.0700000e-01	   4.2577929e-01	
   3.0799969e-01	   4.2577929e-01	
   3.0800000e-01	   4.8175367e-01	
   3.0899969e-01	   4.8175367e-01	
   3.0900000e-01	   5.3582679e-01	
   3.0999969e-01	   5.3582679e-01	
   3.1000000e-01	   5.8778525e-01	
   3.1099969e-01	   5.8778525e-01	
   3.1100000e-01	   6.3742399e-01	
   3.1199969e-01	   6.3742399e-01	
   3.1200000e-01	   6.8454711e-01	
   3.1299969e-01	   6.8454711e-01	
   3.1300000e-01	   7.2896863e-01	
   3.1399969e-01	   7.2896863e-01	
   3.1400000e-01	   7.7051324e-01	
   3.1499968e-01	   7.7051324e-01	
   3.1500000e-01	   8.0901699e-01	
   3.1599968e-01	   8.0901699e-01	
   3.1600000e-01	   8.4432793e-01	
   3.1699968e-01	   8.4432793e-01	
   3.1700000e-01	   8.7630668e-01	
   3.1799968e-01	   8.7630668e-01	
   3.1800000e-01	   9.0482705e-01	
   3.1899968e-01	   9.0482705e-01	
   3.1900000e-01	   9.2977649e-01	
   3.1999968e-01	   9.2977649e-01	
   3.2000000e-01	   9.5105652e-01	
   3.2099968e-01	   9.5105652e-01	
   3.2100000e-01	   9.6858316e-01	
   3.2199968e-01	   9.6858316e-01	
   3.2200000e-01	   9.8228725e-01	
   3.2299968e-01	   9.8228725e-01	
   3.2300000e-01	   9.9211470e-01	
   3.2399968e-01	   9.9211470e-01	
   3.2400000e-01	   9.9802673e-01	
   3.2499967e-01	   9.9802673e-01	
   3.2500000e-01	   1.0000000e+00	
   3.2599967e-01	   1.0000000e+00	
   3.2600000e-01	   9.9802673e-01	
   3.2699967e-01	   9.9802673e-01	
   3.2700000e-01	   9.9211470e-01	
   3.2799967e-01	   9.9211470e-01	
   3.2800000e-01	   9.8228725e-01	
   3.2899967e-01	   9.8228725e-01	
   3.2900000e-01	   9.6858316e-01	
   3.2999967e-01	   9.6858316e-01	
   3.3000000e-01	   9.5105652e-01	
   3.3099967e-01	   9.5105652e-01	
   3.3100000e-01	   9.2977649e-01	
   3.3199967e-01	   9.2977649e-01	
   3.3200000e-01	   9.0482705e-01	
   3.3299967e-01	   9.0482705e-01	
   3.3300000e-01	   8.7630668e-01	
   3.3399967e-01	   8.7630668e-01	
   3.3400000e-01	   8.4432793e-01	
   3.3499967e-01	   8.4432793e-01	
   3.3500000e-01	   8.0901699e-01	
   3.3599966e-01	   8.0901699e-01	
   3.3600000e-01	   7.7051324e-01	
   3.3699966e-01	   7.7051324e-01	
   3.3700000e-01	   7.2896863e-01	
   3.3799966e-01	   7.2896863e-01	
   3.3800000e-01	   6.8454711e-01	
   3.3899966e-01	   6.8454711e-01	
   3.3900000e-01	   6.3742399e-01	
   3.3999966e-01	   6.3742399e-01	
   3.4000000e-01	   5.8778525e-01	
   3.4099966e-01	   5.8778525e-01	
   3.4100000e-01	   5.3582679e-01	
   3.4199966e-01	   5.3582679e-01	
   3.4200000e-01	   4.8175367e-01	
   3.4299966e-01	   4.8175367e-01	
   3.4300000e-01	   4.2577929e-01	
   3.4399966e-01	   4.2577929e-01	
   3.4400000e-01	   3.6812455e-01	
   3.4499966e-01	   3.6812455e-01	
   3.4500000e-01	   3.0901699e-01	
   3.4599965e-01	   3.0901699e-01	
   3.4600000e-01	   2.4868989e-01	
   3.4699965e-01	   2.4868989e-01	
   3.4700000e-01	   1.8738131e-01	
   3.4799965e-01	   1.8738131e-01	
   3.4800000e-01	   1.2533323e-01	
   3.4899965e-01	   1.2533323e-01	
   3.4900000e-01	   6.2790520e-02	
   3.4999965e-01	   6.2790520e-02	
   3.5000000e-01	   8.5725276e-16	
   3.5099965e-01	   8.5725276e-16	
   3.5100000e-01	  -6.2790520e-02	
   3.5199965e-01	  -6.2790520e-02	
   3.5200000e-01	  -1.2533323e-01	
   3.5299965e-01	  -1.2533323e-01	
   3.5300000e-01	  -1.8738131e-01	
   3.5399965e-01	  -1.8738131e-01	
   3.5400000e-01	  -2.4868989e-01	
   3.5499964e-01	  -2.4868989e-01	
   3.5500000e-01	  -3.0901699e-01	
   3.5599964e-01	  -3.0901699e-01	
   3.5600000e-01	  -3.6812455e-01	
   3.5699964e-01	  -3.6812455e-01	
   3.5700000e-01	  -4.2577929e-01	
   3.5799964e-01	  -4.2577929e-01	
   3.5800000e-01	  -4.8175367e-01	
   3.5899964e-01	  -4.8175367e-01	
   3.5900000e-01	  -5.3582679e-01	
   3.5999964e-01	  -5.3582679e-01	
   3.6000000e-01	  -5.8778525e-01	
   3.6099964e-01	  -5.8778525e-01	
   3.6100000e-01	  -6.3742399e-01	
   3.6199964e-01	  -6.3742399e-01	
   3.6200000e-01	  -6.8454711e-01	
   3.6299964e-01	  -6.8454711e-01	
   3.6300000e-01	  -7.2896863e-01	
   3.6399964e-01	  -7.2896863e-01	
   3.6400000e-01	  -7.7051324e-01	
   3.6499963e-01	  -7.7051324e-01	
   3.6500000e-01	  -8.0901699e-01	
   3.6599963e-01	  -8.0901699e-01	
   3.6600000e-01	  -8.4432793e-01	
   3.6699963e-01	  -8.4432793e-01	
   3.6700000e-01	  -8.7630668e-01	
   3.6799963e-01	  -8.7630668e-01	
   3.6800000e-01	  -9.0482705e-01	
   3.6899963e-01	  -9.0482705e-01	
   3.6900000e-01	  -9.2977649e-01	
   3.6999963e-01	  -9.2977649e-01	
   3.7000000e-01	  -9.5105652e-01	
   3.7099963e-01	  -9.5105652e-01	
   3.7100000e-01	  -9.6858316e-01	
   3.7199963e-01	  -9.6858316e-01	
   3.7200000e-01	  -9.8228725e-01	
   3.7299963e-01	  -9.8228725e-01	
   3.7300000e-01	  -9.9211470e-01	
   3.7399963e-01	  -9.9211470e-01	
   3.7400000e-01	  -9.9802673e-01	
   3.7499963e-01	  -9.9802673e-01	
   3.7500000e-01	  -1.0000000e+00	
   3.7599962e-01	  -1.0000000e+00	
   3.7600000e-01	  -9.9802673e-01	
   3.7699962e-01	  -9.9802673e-01	
   3.7700000e-01	  -9.9211470e-01	
   3.7799962e-01	  -9.9211470e-01	
   3.7800000e-01	  -9.8228725e-01	
   3.7899962e-01	  -9.8228725e-01	
   3.7900000e-01	  -9.6858316e-01	
   3.7999962e-01	  -9.6858316e-01	
   3.8000000e-01	  -9.5105652e-01	
   3.8099962e-01	  -9.5105652e-01	
   3.8100000e-01	  -9.2977649e-01	
   3.8199962e-01	  -9.2977649e-01	
   3.8200000e-01	  -9.0482705e-01	
   3.8299962e-01	  -9.0482705e-01	
   3.8300000e-01	  -8.7630668e-01	
   3.8399962e-01	  -8.7630668e-01	
   3.8400000e-01	  -8.4432793e-01	
   3.8499962e-01	  -8.4432793e-01	
   3.8500000e-01	  -8.0901699e-01	
   3.8599961e-01	  -8.0901699e-01	
   3.8600000e-01	  -7.7051324e-01	
   3.8699961e-01	  -7.7051324e-01	
   3.8700000e-01	  -7.2896863e-01	
   3.8799961e-01	  -7.2896863e-01	
   3.8800000e-01	  -6.8454711e-01	
   3.8899961e-01	  -6.8454711e-01	
   3.8900000e-01	  -6.3742399e-01	
   3.8999961e-01	  -6.3742399e-01	
   3.9000000e-01	  -5.8778525e-01	
   3.9099961e-01	  -5.8778525e-01	
   3.9100000e-01	  -5.3582679e-01	
   3.9199961e-01	  -5.3582679e-01	
   3.9200000e-01	  -4.8175367e-01	
   3.9299961e-01	  -4.8175367e-01	
   3.9300000e-01	  -4.2577929e-01	
   3.9399961e-01	  -4.2577929e-01	
   3.9400000e-01	  -3.6812455e-01	
   3.9499960e-01	  -3.6812455e-01	
   3.9500000e-01	  -3.0901699e-01	
   3.9599960e-01	  -3.0901699e-01	
   3.9600000e-01	  -2.4868989e-01	
   3.9699960e-01	  -2.4868989e-01	
   3.9700000e-01	  -1.8738131e-01	
   3.9799960e-01	  -1.8738131e-01	
   3.9800000e-01	  -1.2533323e-01	
   3.9899960e-01	  -1.2533323e-01	
   3.9900000e-01	  -6.2790520e-02	
   3.9999960e-01	  -6.2790520e-02	
   4.0000000e-01	  -9.7971744e-16	
   4.0099960e-01	  -9.7971744e-16	
   4.0100000e-01	   6.2790520e-02	
   4.0199960e-01	   6.2790520e-02	
   4.0200000e-01	   1.2533323e-01	
   4.0299960e-01	   1.2533323e-01	
   4.0300000e-01	   1.8738131e-01	
   4.0399960e-01	   1.8738131e-01	
   4.0400000e-01	   2.4868989e-01	
   4.0499959e-01	   2.4868989e-01	
   4.0500000e-01	   3.0901699e-01	
   4.0599959e-01	   3.0901699e-01	
   4.0600000e-01	   3.6812455e-01	
   4.0699959e-01	   3.6812455e-01	
   4.0700000e-01	   4.2577929e-01	
   4.0799959e-01	   4.2577929e-01	
   4.0800000e-01	   4.8175367e-01	
   4.0899959e-01	   4.8175367e-01	
   4.0900000e-01	   5.3582679e-01	
   4.0999959e-01	   5.3582679e-01	
   4.1000000e-01	   5.8778525e-01	
   4.1099959e-01	   5.8778525e-01	
   4.1100000e-01	   6.3742399e-01	
   4.1199959e-01	   6.3742399e-01	
   4.1200000e-01	   6.8454711e-01	
   4.1299959e-01	   6.8454711e-01	
   4.1300000e-01	   7.2896863e-01	
   4.1399959e-01	   7.2896863e-01	
   4.1400000e-01	   7.7051324e-01	
   4.1499958e-01	   7.7051324e-01	
   4.1500000e-01	   8.0901699e-01	
   4.1599958e-01	   8.0901699e-01	
   4.1600000e-01	   8.4432793e-01	
   4.1699958e-01	   8.4432793e-01	
   4.1700000e-01	   8.7630668e-01	
   4.1799958e-01	   8.7630668e-01	
   4.1800000e-01	   9.0482705e-01	
   4.1899958e-01	   9.0482705e-01	
   4.1900000e-01	   9.2977649e-01	
   4.1999958e-01	   9.2977649e-01	
   4.2000000e-01	   9.5105652e-01	
   4.2099958e-01	   9.5105652e-01	
   4.2100000e-01	   9.6858316e-01	
   4.2199958e-01	   9.6858316e-01	
   4.2200000e-01	   9.8228725e-01	
   4.2299958e-01	   9.8228725e-01	
   4.2300000e-01	   9.9211470e-01	
   4.2399958e-01	   9.9211470e-01	
   4.2400000e-01	   9.9802673e-01	
   4.2499958e-01	   9.9802673e-01	
   4.2500000e-01	   1.0000000e+00	
   4.2599957e-01	   1.0000000e+00	
   4.2600000e-01	   9.9802673e-01	
   4.2699957e-01	   9.9802673e-01	
   4.2700000e-01	   9.9211470e-01	
   4.2799957e-01	   9.9211470e-01	
   4.2800000e-01	   9.8228725e-01	
   4.2899957e-01	   9.8228725e-01	
   4.2900000e-01	   9.6858316e-01	
   4.2999957e-01	   9.6858316e-01	
   4.3000000e-01	   9.5105652e-01	
   4.3099957e-01	   9.5105652e-01	
   4.3100000e-01	   9.2977649e-01	
   4.3199957e-01	   9.2977649e-01	
   4.3200000e-01	   9.0482705e-01	
   4.3299957e-01	   9.0482705e-01	
   4.3300000e-01	   8.7630668e-01	
   4.3399957e-01	   8.7630668e-01	
   4.3400000e-01	   8.4432793e-01	
   4.3499956e-01	   8.4432793e-01	
   4.3500000e-01	   8.0901699e-01	
   4.3599956e-01	   8.0901699e-01	
   4.3600000e-01	   7.7051324e-01	
   4.3699956e-01	   7.7051324e-01	
   4.3700000e-01	   7.2896863e-01	
   4.3799956e-01	   7.2896863e-01	
   4.3800000e-01	   6.8454711e-01	
   4.3899956e-01	   6.8454711e-01	
   4.3900000e-01	   6.3742399e-01	
   4.3999956e-01	   6.3742399e-01	
   4.4000000e-01	   5.8778525e-01	
   4.4099956e-01	   5.8778525e-01	
   4.4100000e-01	   5.3582679e-01	
   4.4199956e-01	   5.3582679e-01	
   4.4200000e-01	   4.8175367e-01	
   4.4299956e-01	   4.8175367e-01	
   4.4300000e-01	   4.2577929e-01	
   4.4399956e-01	   4.2577929e-01	
   4.4400000e-01	   3.6812455e-01	
   4.4499955e-01	   3.6812455e-01	
   4.4500000e-01	   3.0901699e-01	
   4.4599955e-01	   3.0901699e-01	
   4.4600000e-01	   2.4868989e-01	
   4.4699955e-01	   2.4868989e-01	
   4.4700000e-01	   1.8738131e-01	
   4.4799955e-01	   1.8738131e-01	
   4.4800000e-01	   1.2533323e-01	
   4.4899955e-01	   1.2533323e-01	
   4.4900000e-01	   6.2790520e-02	
   4.4999955e-01	   6.2790520e-02	
   4.5000000e-01	   1.1021821e-15	
   4.5099955e-01	   1.1021821e-15	
   4.5100000e-01	  -6.2790520e-02	
   4.5199955e-01	  -6.2790520e-02	
   4.5200000e-01	  -1.2533323e-01	
   4.5299955e-01	  -1.2533323e-01	
   4.5300000e-01	  -1.8738131e-01	
   4.5399955e-01	  -1.8738131e-01	
   4.5400000e-01	  -2.4868989e-01	
   4.5499955e-01	  -2.4868989e-01	
   4.5500000e-01	  -3.0901699e-01	
   4.5599954e-01	  -3.0901699e-01	
   4.5600000e-01	  -3.6812455e-01	
   4.5699954e-01	  -3.6812455e-01	
   4.5700000e-01	  -4.2577929e-01	
   4.5799954e-01	  -4.2577929e-01	
   4.5800000e-01	  -4.8175367e-01	
   4.5899954e-01	  -4.8175367e-01	
   4.5900000e-01	  -5.3582679e-01	
   4.5999954e-01	  -5.3582679e-01	
   4.6000000e-01	  -5.8778525e-01	
   4.6099954e-01	  -5.8778525e-01	
   4.6100000e-01	  -6.3742399e-01	
   4.6199954e-01	  -6.3742399e-01	
   4.6200000e-01	  -6.8454711e-01	
   4.6299954e-01	  -6.8454711e-01	
   4.6300000e-01	  -7.2896863e-01	
   4.6399954e-01	  -7.2896863e-01	
   4.6400000e-01	  -7.7051324e-01	
   4.6499953e-01	  -7.7051324e-01	
   4.6500000e-01	  -8.0901699e-01	
   4.6599953e-01	  -8.0901699e-01	
   4.6600000e-01	  -8.4432793e-01	
   4.6699953e-01	  -8.4432793e-01	
   4.6700000e-01	  -8.7630668e-01	
   4.6799953e-01	  -8.7630668e-01	
   4.6800000e-01	  -9.0482705e-01	
   4.6899953e-01	  -9.0482705e-01	
   4.6900000e-01	  -9.2977649e-01	
   4.6999953e-01	  -9.2977649e-01	
   4.7000000e-01	  -9.5105652e-01	
   4.7099953e-01	  -9.5105652e-01	
   4.7100000e-01	  -9.6858316e-01	
   4.7199953e-01	  -9.6858316e-01	
   4.7200000e-01	  -9.8228725e-01	
   4.7299953e-01	  -9.8228725e-01	
   4.7300000e-01	  -9.9211470e-01	
   4.7399953e-01	  -9.9211470e-01	
   4.7400000e-01	  -9.9802673e-01	
   4.7499952e-01	  -9.9802673e-01	
   4.7500000e-01	  -1.0000000e+00	
   4.7599952e-01	  -1.0000000e+00	
   4.7600000e-01	  -9.9802673e-01	
   4.7699952e-01	  -9.9802673e-01	
   4.7700000e-01	  -9.9211470e-01	
   4.7799952e-01	  -9.9211470e-01	
   4.7800000e-01	  -9.8228725e-01	
   4.7899952e-01	  -9.8228725e-01	
   4.7900000e-01	  -9.6858316e-01	
   4.7999952e-01	  -9.6858316e-01	
   4.8000000e-01	  -9.5105652e-01	
   4.8099952e-01	  -9.5105652e-01	
   4.8100000e-01	  -9.2977649e-01	
   4.8199952e-01	  -9.2977649e-01	
   4.8200000e-01	  -9.0482705e-01	
   4.8299952e-01	  -9.0482705e-01	
   4.8300000e-01	  -8.7630668e-01	
   4.8399952e-01	  -8.7630668e-01	
   4.8400000e-01	  -8.4432793e-01	
   4.8499951e-01	  -8.4432793e-01	
   4.8500000e-01	  -8.0901699e-01	
   4.8599951e-01	  -8.0901699e-01	
   4.8600000e-01	  -7.7051324e-01	
   4.8699951e-01	  -7.7051324e-01	
   4.8700000e-01	  -7.2896863e-01	
   4.8799951e-01	  -7.2896863e-01	
   4.8800000e-01	  -6.8454711e-01	
   4.8899951e-01	  -6.8454711e-01	
   4.8900000e-01	  -6.3742399e-01	
   4.8999951e-01	  -6.3742399e-01	
   4.9000000e-01	  -5.8778525e-01	
   4.9099951e-01	  -5.8778525e-01	
   4.9100000e-01	  -5.3582679e-01	
   4.9199951e-01	  -5.3582679e-01	
   4.9200000e-01	  -4.8175367e-01	
   4.9299951e-01	  -4.8175367e-01	
   4.9300000e-01	  -4.2577929e-01	
   4.9399951e-01	  -4.2577929e-01	
   4.9400000e-01	  -3.6812455e-01	
   4.9499951e-01	  -3.6812455e-01	
   4.9500000e-01	  -3.0901699e-01	
   4.9599950e-01	  -3.0901699e-01	
   4.9600000e-01	  -2.4868989e-01	
   4.9699950e-01	  -2.4868989e-01	
   4.9700000e-01	  -1.8738131e-01	
   4.9799950e-01	  -1.8738131e-01	
   4.9800000e-01	  -1.2533323e-01	
   4.9899950e-01	  -1.2533323e-01	
   4.9900000e-01	  -6.2790520e-02	
   4.9999950e-01	  -6.2790520e-02	
   5.0000000e-01	  -1.2246468e-15	
   5.0099950e-01	  -1.2246468e-15	
   5.0100000e-01	   6.2790520e-02	
   5.0199950e-01	   6.2790520e-02	
   5.0200000e-01	   1.2533323e-01	
   5.0299950e-01	   1.2533323e-01	
   5.0300000e-01	   1.8738131e-01	
   5.0399950e-01	   1.8738131e-01	
   5.0400000e-01	   2.4868989e-01	
   5.0499949e-01	   2.4868989e-01	
   5.0500000e-01	   3.0901699e-01	
   5.0599949e-01	   3.0901699e-01	
   5.0600000e-01	   3.6812455e-01	
   5.0699949e-01	   3.6812455e-01	
   5.0700000e-01	   4.2577929e-01	
   5.0799949e-01	   4.2577929e-01	
   5.0800000e-01	   4.8175367e-01	
   5.0899949e-01	   4.8175367e-01	
   5.0900000e-01	   5.3582679e-01	
   5.0999949e-01	   5.3582679e-01	
   5.1000000e-01	   5.8778525e-01	
   5.1099949e-01	   5.8778525e-01	
   5.1100000e-01	   6.3742399e-01	
   5.1199949e-01	   6.3742399e-01	
   5.1200000e-01	   6.8454711e-01	
   5.1299949e-01	   6.8454711e-01	
   5.1300000e-01	   7.2896863e-01	
   5.1399949e-01	   7.2896863e-01	
   5.1400000e-01	   7.7051324e-01	
   5.1499948e-01	   7.7051324e-01	
   5.1500000e-01	   8.0901699e-01	
   5.1599948e-01	   8.0901699e-01	
   5.1600000e-01	   8.4432793e-01	
   5.1699948e-01	   8.4432793e-01	
   5.1700000e-01	   8.7630668e-01	
   5.1799948e-01	   8.7630668e-01	
   5.1800000e-01	   9.0482705e-01	
   5.1899948e-01	   9.0482705e-01	
   5.1900000e-01	   9.2977649e-01	
   5.1999948e-01	   9.2977649e-01	
   5.2000000e-01	   9.5105652e-01	
   5.2099948e-01	   9.5105652e-01	
   5.2100000e-01	   9.6858316e-01	
   5.2199948e-01	   9.6858316e-01	
   5.2200000e-01	   9.8228725e-01	
   5.2299948e-01	   9.8228725e-01	
   5.2300000e-01	   9.9211470e-01	
   5.2399948e-01	   9.9211470e-01	
   5.2400000e-01	   9.9802673e-01	
   5.2499947e-01	   9.9802673e-01	
   5.2500000e-01	   1.0000000e+00	
   5.2599947e-01	   1.0000000e+00	
   5.2600000e-01	   9.9802673e-01	
   5.2699947e-01	   9.9802673e-01	
   5.2700000e-01	   9.9211470e-01	
   5.2799947e-01	   9.9211470e-01	
   5.2800000e-01	   9.8228725e-01	
   5.2899947e-01	   9.8228725e-01	
   5.2900000e-01	   9.6858316e-01	
   5.2999947e-01	   9.6858316e-01	
   5.3000000e-01	   9.5105652e-01	
   5.3099947e-01	   9.5105652e-01	
   5.3100000e-01	   9.2977649e-01	
   5.3199947e-01	   9.2977649e-01	
   5.3200000e-01	   9.0482705e-01	
   5.3299947e-01	   9.0482705e-01	
   5.3300000e-01	   8.7630668e-01	
   5.3399947e-01	   8.7630668e-01	
   5.3400000e-01	   8.4432793e-01	
   5.3499946e-01	   8.4432793e-01	
   5.3500000e-01	   8.0901699e-01	
   5.3599946e-01	   8.0901699e-01	
   5.3600000e-01	   7.7051324e-01	
   5.3699946e-01	   7.7051324e-01	
   5.3700000e-01	   7.2896863e-01	
   5.3799946e-01	   7.2896863e-01	
   5.3800000e-01	   6.8454711e-01	
   5.3899946e-01	   6.8454711e-01	
   5.3900000e-01	   6.3742399e-01	
   5.3999946e-01	   6.3742399e-01	
   5.4000000e-01	   5.8778525e-01	
   5.4099946e-01	   5.8778525e-01	
   5.4100000e-01	   5.3582679e-01	
   5.4199946e-01	   5.3582679e-01	
   5.4200000e-01	   4.8175367e-01	
   5.4299946e-01	   4.8175367e-01	
   5.4300000e-01	   4.2577929e-01	
   5.4399946e-01	   4.2577929e-01	
   5.4400000e-01	   3.6812455e-01	
   5.4499946e-01	   3.6812455e-01	
   5.4500000e-01	   3.0901699e-01	
   5.4599945e-01	   3.0901699e-01	
   5.4600000e-01	   2.4868989e-01	
   5.4699945e-01	   2.4868989e-01	
   5.4700000e-01	   1.8738131e-01	
   5.4799945e-01	   1.8738131e-01	
   5.4800000e-01	   1.2533323e-01	
   5.4899945e-01	   1.2533323e-01	
   5.4900000e-01	   6.2790520e-02	
   5.4999945e-01	   6.2790520e-02	
   5.5000000e-01	   4.8998252e-15	
   5.5099945e-01	   4.8998252e-15	
   5.5100000e-01	  -6.2790520e-02	
   5.5199945e-01	  -6.2790520e-02	
   5.5200000e-01	  -1.2533323e-01	
   5.5299945e-01	  -1.2533323e-01	
   5.5300000e-01	  -1.8738131e-01	
   5.5399945e-01	  -1.8738131e-01	
   5.5400000e-01	  -2.4868989e-01	
   5.5499945e-01	  -2.4868989e-01	
   5.5500000e-01	  -3.0901699e-01	
   5.5599944e-01	  -3.0901699e-01	
   5.5600000e-01	  -3.6812455e-01	
   5.5699944e-01	  -3.6812455e-01	
   5.5700000e-01	  -4.2577929e-01	
   5.5799944e-01	  -4.2577929e-01	
   5.5800000e-01	  -4.8175367e-01	
   5.5899944e-01	  -4.8175367e-01	
   5.5900000e-01	  -5.3582679e-01	
   5.5999944e-01	  -5.3582679e-01	
   5.6000000e-01	  -5.8778525e-01	
   5.6099944e-01	  -5.8778525e-01	
   5.6100000e-01	  -6.3742399e-01	
   5.6199944e-01	  -6.3742399e-01	
   5.6200000e-01	  -6.8454711e-01	
   5.6299944e-01	  -6.8454711e-01	
   5.6300000e-01	  -7.2896863e-01	
   5.6399944e-01	  -7.2896863e-01	
   5.6400000e-01	  -7.7051324e-01	
   5.6499943e-01	  -7.7051324e-01	
   5.6500000e-01	  -8.0901699e-01	
   5.6599943e-01	  -8.0901699e-01	
   5.6600000e-01	  -8.4432793e-01	
   5.6699943e-01	  -8.4432793e-01	
   5.6700000e-01	  -8.7630668e-01	
   5.6799943e-01	  -8.7630668e-01	
   5.6800000e-01	  -9.0482705e-01	
   5.6899943e-01	  -9.0482705e-01	
   5.6900000e-01	  -9.2977649e-01	
   5.6999943e-01	  -9.2977649e-01	
   5.7000000e-01	  -9.5105652e-01	
   5.7099943e-01	  -9.5105652e-01	
   5.7100000e-01	  -9.6858316e-01	
   5.7199943e-01	  -9.6858316e-01	
   5.7200000e-01	  -9.8228725e-01	
   5.7299943e-01	  -9.8228725e-01	
   5.7300000e-01	  -9.9211470e-01	
   5.7399943e-01	  -9.9211470e-01	
   5.7400000e-01	  -9.9802673e-01	
   5.7499943e-01	  -9.9802673e-01	
   5.7500000e-01	  -1.0000000e+00	
   5.7599942e-01	  -1.0000000e+00	
   5.7600000e-01	  -9.9802673e-01	
   5.7699942e-01	  -9.9802673e-01	
   5.7700000e-01	  -9.9211470e-01	
   5.7799942e-01	  -9.9211470e-01	
   5.7800000e-01	  -9.8228725e-01	
   5.7899942e-01	  -9.8228725e-01	
   5.7900000e-01	  -9.6858316e-01	
   5.7999942e-01	  -9.6858316e-01	
   5.8000000e-01	  -9.5105652e-01	
   5.8099942e-01	  -9.5105652e-01	
   5.8100000e-01	  -9.2977649e-01	
   5.8199942e-01	  -9.2977649e-01	
   5.8200000e-01	  -9.0482705e-01	
   5.8299942e-01	  -9.0482705e-01	
   5.8300000e-01	  -8.7630668e-01	
   5.8399942e-01	  -8.7630668e-01	
   5.8400000e-01	  -8.4432793e-01	
   5.8499941e-01	  -8.4432793e-01	
   5.8500000e-01	  -8.0901699e-01	
   5.8599941e-01	  -8.0901699e-01	
   5.8600000e-01	  -7.7051324e-01	
   5.8699941e-01	  -7.7051324e-01	
   5.8700000e-01	  -7.2896863e-01	
   5.8799941e-01	  -7.2896863e-01	
   5.8800000e-01	  -6.8454711e-01	
   5.8899941e-01	  -6.8454711e-01	
   5.8900000e-01	  -6.3742399e-01	
   5.8999941e-01	  -6.3742399e-01	
   5.9000000e-01	  -5.8778525e-01	
   5.9099941e-01	  -5.8778525e-01	
   5.9100000e-01	  -5.3582679e-01	
   5.9199941e-01	  -5.3582679e-01	
   5.9200000e-01	  -4.8175367e-01	
   5.9299941e-01	  -4.8175367e-01	
   5.9300000e-01	  -4.2577929e-01	
   5.9399941e-01	  -4.2577929e-01	
   5.9400000e-01	  -3.6812455e-01	
   5.9499941e-01	  -3.6812455e-01	
   5.9500000e-01	  -3.0901699e-01	
   5.9599940e-01	  -3.0901699e-01	
   5.9600000e-01	  -2.4868989e-01	
   5.9699940e-01	  -2.4868989e-01	
   5.9700000e-01	  -1.8738131e-01	
   5.9799940e-01	  -1.8738131e-01	
   5.9800000e-01	  -1.2533323e-01	
   5.9899940e-01	  -1.2533323e-01	
   5.9900000e-01	  -6.2790520e-02	
   5.9999940e-01	  -6.2790520e-02	
   6.0000000e-01	  -1.4695762e-15	
   6.0099940e-01	  -1.4695762e-15	
   6.0100000e-01	   6.2790520e-02	
   6.0199940e-01	   6.2790520e-02	
   6.0200000e-01	   1.2533323e-01	
   6.0299940e-01	   1.2533323e-01	
   6.0300000e-01	   1.8738131e-01	
   6.0399940e-01	   1.8738131e-01	
   6.0400000e-01	   2.4868989e-01	
   6.0499939e-01	   2.4868989e-01	
   6.0500000e-01	   3.0901699e-01	
   6.0599939e-01	   3.0901699e-01	
   6.0600000e-01	   3.6812455e-01	
   6.0699939e-01	   3.6812455e-01	
   6.0700000e-01	   4.2577929e-01	
   6.0799939e-01	   4.2577929e-01	
   6.0800000e-01	   4.8175367e-01	
   6.0899939e-01	   4.8175367e-01	
   6.0900000e-01	   5.3582679e-01	
   6.0999939e-01	   5.3582679e-01	
   6.1000000e-01	   5.8778525e-01	
   6.1099939e-01	   5.8778525e-01	
   6.1100000e-01	   6.3742399e-01	
   6.1199939e-01	   6.3742399e-01	
   6.1200000e-01	   6.8454711e-01	
   6.1299939e-01	   6.8454711e-01	
   6.1300000e-01	   7.2896863e-01	
   6.1399939e-01	   7.2896863e-01	
   6.1400000e-01	   7.7051324e-01	
   6.1499938e-01	   7.7051324e-01	
   6.1500000e-01	   8.0901699e-01	
   6.1599938e-01	   8.0901699e-01	
   6.1600000e-01	   8.4432793e-01	
   6.1699938e-01	   8.4432793e-01	
   6.1700000e-01	   8.7630668e-01	
   6.1799938e-01	   8.7630668e-01	
   6.1800000e-01	   9.0482705e-01	
   6.1899938e-01	   9.0482705e-01	
   6.1900000e-01	   9.2977649e-01	
   6.1999938e-01	   9.2977649e-01	
   6.2000000e-01	   9.5105652e-01	
   6.2099938e-01	   9.5105652e-01	
   6.2100000e-01	   9.6858316e-01	
   6.2199938e-01	   9.6858316e-01	
   6.2200000e-01	   9.8228725e-01	
   6.2299938e-01	   9.8228725e-01	
   6.2300000e-01	   9.9211470e-01	
   6.2399938e-01	   9.9211470e-01	
   6.2400000e-01	   9.9802673e-01	
   6.2499938e-01	   9.9802673e-01	
   6.2500000e-01	   1.0000000e+00	
   6.2599937e-01	   1.0000000e+00	
   6.2600000e-01	   9.9802673e-01	
   6.2699937e-01	   9.9802673e-01	
   6.2700000e-01	   9.9211470e-01	
   6.2799937e-01	   9.9211470e-01	
   6.2800000e-01	   9.8228725e-01	
   6.2899937e-01	   9.8228725e-01	
   6.2900000e-01	   9.6858316e-01	
   6.2999937e-01	   9.6858316e-01	
   6.3000000e-01	   9.5105652e-01	
   6.3099937e-01	   9.5105652e-01	
   6.3100000e-01	   9.2977649e-01	
   6.3199937e-01	   9.2977649e-01	
   6.3200000e-01	   9.0482705e-01	
   6.3299937e-01	   9.0482705e-01	
   6.3300000e-01	   8.7630668e-01	
   6.3399937e-01	   8.7630668e-01	
   6.3400000e-01	   8.4432793e-01	
   6.3499936e-01	   8.4432793e-01	
   6.3500000e-01	   8.0901699e-01	
   6.3599936e-01	   8.0901699e-01	
   6.3600000e-01	   7.7051324e-01	
   6.3699936e-01	   7.7051324e-01	
   6.3700000e-01	   7.2896863e-01	
   6.3799936e-01	   7.2896863e-01	
   6.3800000e-01	   6.8454711e-01	
   6.3899936e-01	   6.8454711e-01	
   6.3900000e-01	   6.3742399e-01	
   6.3999936e-01	   6.3742399e-01	
   6.4000000e-01	   5.8778525e-01	
   6.4099936e-01	   5.8778525e-01	
   6.4100000e-01	   5.3582679e-01	
   6.4199936e-01	   5.3582679e-01	
   6.4200000e-01	   4.8175367e-01	
   6.4299936e-01	   4.8175367e-01	
   6.4300000e-01	   4.2577929e-01	
   6.4399936e-01	   4.2577929e-01	
   6.4400000e-01	   3.6812455e-01	
   6.4499936e-01	   3.6812455e-01	
   6.4500000e-01	   3.0901699e-01	
   6.4599935e-01	   3.0901699e-01	
   6.4600000e-01	   2.4868989e-01	
   6.4699935e-01	   2.4868989e-01	
   6.4700000e-01	   1.8738131e-01	
   6.4799935e-01	   1.8738131e-01	
   6.4800000e-01	   1.2533323e-01	
   6.4899935e-01	   1.2533323e-01	
   6.4900000e-01	   6.2790520e-02	
   6.4999935e-01	   6.2790520e-02	
   6.5000000e-01	  -1.9606728e-15	
   6.5099935e-01	  -1.9606728e-15	
   6.5100000e-01	  -6.2790520e-02	
   6.5199935e-01	  -6.2790520e-02	
   6.5200000e-01	  -1.2533323e-01	
   6.5299935e-01	  -1.2533323e-01	
   6.5300000e-01	  -1.8738131e-01	
   6.5399935e-01	  -1.8738131e-01	
   6.5400000e-01	  -2.4868989e-01	
   6.5499934e-01	  -2.4868989e-01	
   6.5500000e-01	  -3.0901699e-01	
   6.5599934e-01	  -3.0901699e-01	
   6.5600000e-01	  -3.6812455e-01	
   6.5699934e-01	  -3.6812455e-01	
   6.5700000e-01	  -4.2577929e-01	
   6.5799934e-01	  -4.2577929e-01	
   6.5800000e-01	  -4.8175367e-01	
   6.5899934e-01	  -4.8175367e-01	
   6.5900000e-01	  -5.3582679e-01	
   6.5999934e-01	  -5.3582679e-01	
   6.6000000e-01	  -5.8778525e-01	
   6.6099934e-01	  -5.8778525e-01	
   6.6100000e-01	  -6.3742399e-01	
   6.6199934e-01	  -6.3742399e-01	
   6.6200000e-01	  -6.8454711e-01	
   6.6299934e-01	  -6.8454711e-01	
   6.6300000e-01	  -7.2896863e-01	
   6.6399934e-01	  -7.2896863e-01	
   6.6400000e-01	  -7.7051324e-01	
   6.6499933e-01	  -7.7051324e-01	
   6.6500000e-01	  -8.0901699e-01	
   6.6599933e-01	  -8.0901699e-01	
   6.6600000e-01	  -8.4432793e-01	
   6.6699933e-01	  -8.4432793e-01	
   6.6700000e-01	  -8.7630668e-01	
   6.6799933e-01	  -8.7630668e-01	
   6.6800000e-01	  -9.0482705e-01	
   6.6899933e-01	  -9.0482705e-01	
   6.6900000e-01	  -9.2977649e-01	
   6.6999933e-01	  -9.2977649e-01	
   6.7000000e-01	  -9.5105652e-01	
   6.7099933e-01	  -9.5105652e-01	
   6.7100000e-01	  -9.6858316e-01	
   6.7199933e-01	  -9.6858316e-01	
   6.7200000e-01	  -9.8228725e-01	
   6.7299933e-01	  -9.8228725e-01	
   6.7300000e-01	  -9.9211470e-01	
   6.7399933e-01	  -9.9211470e-01	
   6.7400000e-01	  -9.9802673e-01	
   6.7499933e-01	  -9.9802673e-01	
   6.7500000e-01	  -1.0000000e+00	
   6.7599932e-01	  -1.0000000e+00	
   6.7600000e-01	  -9.9802673e-01	
   6.7699932e-01	  -9.9802673e-01	
   6.7700000e-01	  -9.9211470e-01	
   6.7799932e-01	  -9.9211470e-01	
   6.7800000e-01	  -9.8228725e-01	
   6.7899932e-01	  -9.8228725e-01	
   6.7900000e-01	  -9.6858316e-01	
   6.7999932e-01	  -9.6858316e-01	
   6.8000000e-01	  -9.5105652e-01	
   6.8099932e-01	  -9.5105652e-01	
   6.8100000e-01	  -9.2977649e-01	
   6.8199932e-01	  -9.2977649e-01	
   6.8200000e-01	  -9.0482705e-01	
   6.8299932e-01	  -9.0482705e-01	
   6.8300000e-01	  -8.7630668e-01	
   6.8399932e-01	  -8.7630668e-01	
   6.8400000e-01	  -8.4432793e-01	
   6.8499931e-01	  -8.4432793e-01	
   6.8500000e-01	  -8.0901699e-01	
   6.8599931e-01	  -8.0901699e-01	
   6.8600000e-01	  -7.7051324e-01	
   6.8699931e-01	  -7.7051324e-01	
   6.8700000e-01	  -7.2896863e-01	
   6.8799931e-01	  -7.2896863e-01	
   6.8800000e-01	  -6.8454711e-01	
   6.8899931e-01	  -6.8454711e-01	
   6.8900000e-01	  -6.3742399e-01	
   6.8999931e-01	  -6.3742399e-01	
   6.9000000e-01	  -5.8778525e-01	
   6.9099931e-01	  -5.8778525e-01	
   6.9100000e-01	  -5.3582679e-01	
   6.9199931e-01	  -5.3582679e-01	
   6.9200000e-01	  -4.8175367e-01	
   6.9299931e-01	  -4.8175367e-01	
   6.9300000e-01	  -4.2577929e-01	
   6.9399931e-01	  -4.2577929e-01	
   6.9400000e-01	  -3.6812455e-01	
   6.9499930e-01	  -3.6812455e-01	
   6.9500000e-01	  -3.0901699e-01	
   6.9599930e-01	  -3.0901699e-01	
   6.9600000e-01	  -2.4868989e-01	
   6.9699930e-01	  -2.4868989e-01	
   6.9700000e-01	  -1.8738131e-01	
   6.9799930e-01	  -1.8738131e-01	
   6.9800000e-01	  -1.2533323e-01	
   6.9899930e-01	  -1.2533323e-01	
   6.9900000e-01	  -6.2790520e-02	
   6.9999930e-01	  -6.2790520e-02	
   7.0000000e-01	  -1.7145055e-15	
   7.0099930e-01	  -1.7145055e-15	
   7.0100000e-01	   6.2790520e-02	
   7.0199930e-01	   6.2790520e-02	
   7.0200000e-01	   1.2533323e-01	
   7.0299930e-01	   1.2533323e-01	
   7.0300000e-01	   1.8738131e-01	
   7.0399930e-01	   1.8738131e-01	
   7.0400000e-01	   2.4868989e-01	
   7.0499929e-01	   2.4868989e-01	
   7.0500000e-01	   3.0901699e-01	
   7.0599929e-01	   3.0901699e-01	
   7.0600000e-01	   3.6812455e-01	
   7.0699929e-01	   3.6812455e-01	
   7.0700000e-01	   4.2577929e-01	
   7.0799929e-01	   4.2577929e-01	
   7.0800000e-01	   4.8175367e-01	
   7.0899929e-01	   4.8175367e-01	
   7.0900000e-01	   5.3582679e-01	
   7.0999929e-01	   5.3582679e-01	
   7.1000000e-01	   5.8778525e-01	
   7.1099929e-01	   5.8778525e-01	
   7.1100000e-01	   6.3742399e-01	
   7.1199929e-01	   6.3742399e-01	
   7.1200000e-01	   6.8454711e-01	
   7.1299929e-01	   6.8454711e-01	
   7.1300000e-01	   7.2896863e-01	
   7.1399929e-01	   7.2896863e-01	
   7.1400000e-01	   7.7051324e-01	
   7.1499928e-01	   7.7051324e-01	
   7.1500000e-01	   8.0901699e-01	
   7.1599928e-01	   8.0901699e-01	
   7.1600000e-01	   8.4432793e-01	
   7.1699928e-01	   8.4432793e-01	
   7.1700000e-01	   8.7630668e-01	
   7.1799928e-01	   8.7630668e-01	
   7.1800000e-01	   9.0482705e-01	
   7.1899928e-01	   9.0482705e-01	
   7.1900000e-01	   9.2977649e-01	
   7.1999928e-01	   9.2977649e-01	
   7.2000000e-01	   9.5105652e-01	
   7.2099928e-01	   9.5105652e-01	
   7.2100000e-01	   9.6858316e-01	
   7.2199928e-01	   9.6858316e-01	
   7.2200000e-01	   9.8228725e-01	
   7.2299928e-01	   9.8228725e-01	
   7.2300000e-01	   9.9211470e-01	
   7.2399928e-01	   9.9211470e-01	
   7.2400000e-01	   9.9802673e-01	
   7.2499928e-01	   9.9802673e-01	
   7.2500000e-01	   1.0000000e+00	
   7.2599927e-01	   1.0000000e+00	
   7.2600000e-01	   9.9802673e-01	
   7.2699927e-01	   9.9802673e-01	
   7.2700000e-01	   9.9211470e-01	
   7.2799927e-01	   9.9211470e-01	
   7.2800000e-01	   9.8228725e-01	
   7.2899927e-01	   9.8228725e-01	
   7.2900000e-01	   9.6858316e-01	
   7.2999927e-01	   9.6858316e-01	
   7.3000000e-01	   9.5105652e-01	
   7.3099927e-01	   9.5105652e-01	
   7.3100000e-01	   9.2977649e-01	
   7.3199927e-01	   9.2977649e-01	
   7.3200000e-01	   9.0482705e-01	
   7.3299927e-01	   9.0482705e-01	
   7.3300000e-01	   8.7630668e-01	
   7.3399927e-01	   8.7630668e-01	
   7.3400000e-01	   8.4432793e-01	
   7.3499926e-01	   8.4432793e-01	
   7.3500000e-01	   8.0901699e-01	
   7.3599926e-01	   8.0901699e-01	
   7.3600000e-01	   7.7051324e-01	
   7.3699926e-01	   7.7051324e-01	
   7.3700000e-01	   7.2896863e-01	
   7.3799926e-01	   7.2896863e-01	
   7.3800000e-01	   6.8454711e-01	
   7.3899926e-01	   6.8454711e-01	
   7.3900000e-01	   6.3742399e-01	
   7.3999926e-01	   6.3742399e-01	
   7.4000000e-01	   5.8778525e-01	
   7.4099926e-01	   5.8778525e-01	
   7.4100000e-01	   5.3582679e-01	
   7.4199926e-01	   5.3582679e-01	
   7.4200000e-01	   4.8175367e-01	
   7.4299926e-01	   4.8175367e-01	
   7.4300000e-01	   4.2577929e-01	
   7.4399926e-01	   4.2577929e-01	
   7.4400000e-01	   3.6812455e-01	
   7.4499925e-01	   3.6812455e-01	
   7.4500000e-01	   3.0901699e-01	
   7.4599925e-01	   3.0901699e-01	
   7.4600000e-01	   2.4868989e-01	
   7.4699925e-01	   2.4868989e-01	
   7.4700000e-01	   1.8738131e-01	
   7.4799925e-01	   1.8738131e-01	
   7.4800000e-01	   1.2533323e-01	
   7.4899925e-01	   1.2533323e-01	
   7.4900000e-01	   6.2790520e-02	
   7.4999925e-01	   6.2790520e-02	
   7.5000000e-01	  -1.7157435e-15	
   7.5099925e-01	  -1.7157435e-15	
   7.5100000e-01	  -6.2790520e-02	
   7.5199925e-01	  -6.2790520e-02	
   7.5200000e-01	  -1.2533323e-01	
   7.5299925e-01	  -1.2533323e-01	
   7.5300000e-01	  -1.8738131e-01	
   7.5399925e-01	  -1.8738131e-01	
   7.5400000e-01	  -2.4868989e-01	
   7.5499924e-01	  -2.4868989e-01	
   7.5500000e-01	  -3.0901699e-01	
   7.5599924e-01	  -3.0901699e-01	
   7.5600000e-01	  -3.6812455e-01	
   7.5699924e-01	  -3.6812455e-01	
   7.5700000e-01	  -4.2577929e-01	
   7.5799924e-01	  -4.2577929e-01	
   7.5800000e-01	  -4.8175367e-01	
   7.5899924e-01	  -4.8175367e-01	
   7.5900000e-01	  -5.3582679e-01	
   7.5999924e-01	  -5.3582679e-01	
   7.6000000e-01	  -5.8778525e-01	
   7.6099924e-01	  -5.8778525e-01	
   7.6100000e-01	  -6.3742399e-01	
   7.6199924e-01	  -6.3742399e-01	
   7.6200000e-01	  -6.8454711e-01	
   7.6299924e-01	  -6.8454711e-01	
   7.6300000e-01	  -7.2896863e-01	
   7.6399924e-01	  -7.2896863e-01	
   7.6400000e-01	  -7.7051324e-01	
   7.6499923e-01	  -7.7051324e-01	
   7.6500000e-01	  -8.0901699e-01	
   7.6599923e-01	  -8.0901699e-01	
   7.6600000e-01	  -8.4432793e-01	
   7.6699923e-01	  -8.4432793e-01	
   7.6700000e-01	  -8.7630668e-01	
   7.6799923e-01	  -8.7630668e-01	
   7.6800000e-01	  -9.0482705e-01	
   7.6899923e-01	  -9.0482705e-01	
   7.6900000e-01	  -9.2977649e-01	
   7.6999923e-01	  -9.2977649e-01	
   7.7000000e-01	  -9.5105652e-01	
   7.7099923e-01	  -9.5105652e-01	
   7.7100000e-01	  -9.6858316e-01	
   7.7199923e-01	  -9.6858316e-01	
   7.7200000e-01	  -9.8228725e-01	
   7.7299923e-01	  -9.8228725e-01	
   7.7300000e-01	  -9.9211470e-01	
   7.7399923e-01	  -9.9211470e-01	
   7.7400000e-01	  -9.9802673e-01	
   7.7499923e-01	  -9.9802673e-01	
   7.7500000e-01	  -1.0000000e+00	
   7.7599922e-01	  -1.0000000e+00	
   7.7600000e-01	  -9.9802673e-01	
   7.7699922e-01	  -9.9802673e-01	
   7.7700000e-01	  -9.9211470e-01	
   7.7799922e-01	  -9.9211470e-01	
   7.7800000e-01	  -9.8228725e-01	
   7.7899922e-01	  -9.8228725e-01	
   7.7900000e-01	  -9.6858316e-01	
   7.7999922e-01	  -9.6858316e-01	
   7.8000000e-01	  -9.5105652e-01	
   7.8099922e-01	  -9.5105652e-01	
   7.8100000e-01	  -9.2977649e-01	
   7.8199922e-01	  -9.2977649e-01	
   7.8200000e-01	  -9.0482705e-01	
   7.8299922e-01	  -9.0482705e-01	
   7.8300000e-01	  -8.7630668e-01	
   7.8399922e-01	  -8.7630668e-01	
   7.8400000e-01	  -8.4432793e-01	
   7.8499921e-01	  -8.4432793e-01	
   7.8500000e-01	  -8.0901699e-01	
   7.8599921e-01	  -8.0901699e-01	
   7.8600000e-01	  -7.7051324e-01	
   7.8699921e-01	  -7.7051324e-01	
   7.8700000e-01	  -7.2896863e-01	
   7.8799921e-01	  -7.2896863e-01	
   7.8800000e-01	  -6.8454711e-01	
   7.8899921e-01	  -6.8454711e-01	
   7.8900000e-01	  -6.3742399e-01	
   7.8999921e-01	  -6.3742399e-01	
   7.9000000e-01	  -5.8778525e-01	
   7.9099921e-01	  -5.8778525e-01	
   7.9100000e-01	  -5.3582679e-01	
   7.9199921e-01	  -5.3582679e-01	
   7.9200000e-01	  -4.8175367e-01	
   7.9299921e-01	  -4.8175367e-01	
   7.9300000e-01	  -4.2577929e-01	
   7.9399921e-01	  -4.2577929e-01	
   7.9400000e-01	  -3.6812455e-01	
   7.9499920e-01	  -3.6812455e-01	
   7.9500000e-01	  -3.0901699e-01	
   7.9599920e-01	  -3.0901699e-01	
   7.9600000e-01	  -2.4868989e-01	
   7.9699920e-01	  -2.4868989e-01	
   7.9700000e-01	  -1.8738131e-01	
   7.9799920e-01	  -1.8738131e-01	
   7.9800000e-01	  -1.2533323e-01	
   7.9899920e-01	  -1.2533323e-01	
   7.9900000e-01	  -6.2790520e-02	
   7.9999920e-01	  -6.2790520e-02	
   8.0000000e-01	  -1.9594349e-15	
   8.0099920e-01	  -1.9594349e-15	
   8.0100000e-01	   6.2790520e-02	
   8.0199920e-01	   6.2790520e-02	
   8.0200000e-01	   1.2533323e-01	
   8.0299920e-01	   1.2533323e-01	
   8.0300000e-01	   1.8738131e-01	
   8.0399920e-01	   1.8738131e-01	
   8.0400000e-01	   2.4868989e-01	
   8.0499919e-01	   2.4868989e-01	
   8.0500000e-01	   3.0901699e-01	
   8.0599919e-01	   3.0901699e-01	
   8.0600000e-01	   3.6812455e-01	
   8.0699919e-01	   3.6812455e-01	
   8.0700000e-01	   4.2577929e-01	
   8.0799919e-01	   4.2577929e-01	
   8.0800000e-01	   4.8175367e-01	
   8.0899919e-01	   4.8175367e-01	
   8.0900000e-01	   5.3582679e-01	
   8.0999919e-01	   5.3582679e-01	
   8.1000000e-01	   5.8778525e-01	
   8.1099919e-01	   5.8778525e-01	
   8.1100000e-01	   6.3742399e-01	
   8.1199919e-01	   6.3742399e-01	
   8.1200000e-01	   6.8454711e-01	
   8.1299919e-01	   6.8454711e-01	
   8.1300000e-01	   7.2896863e-01	
   8.1399919e-01	   7.2896863e-01	
   8.1400000e-01	   7.7051324e-01	
   8.1499919e-01	   7.7051324e-01	
   8.1500000e-01	   8.0901699e-01	
   8.1599918e-01	   8.0901699e-01	
   8.1600000e-01	   8.4432793e-01	
   8.1699918e-01	   8.4432793e-01	
   8.1700000e-01	   8.7630668e-01	
   8.1799918e-01	   8.7630668e-01	
   8.1800000e-01	   9.0482705e-01	
   8.1899918e-01	   9.0482705e-01	
   8.1900000e-01	   9.2977649e-01	
   8.1999918e-01	   9.2977649e-01	
   8.2000000e-01	   9.5105652e-01	
   8.2099918e-01	   9.5105652e-01	
   8.2100000e-01	   9.6858316e-01	
   8.2199918e-01	   9.6858316e-01	
   8.2200000e-01	   9.8228725e-01	
   8.2299918e-01	   9.8228725e-01	
   8.2300000e-01	   9.9211470e-01	
   8.2399918e-01	   9.9211470e-01	
   8.2400000e-01	   9.9802673e-01	
   8.2499917e-01	   9.9802673e-01	
   8.2500000e-01	   1.0000000e+00	
   8.2599917e-01	   1.0000000e+00	
   8.2600000e-01	   9.9802673e-01	
   8.2699917e-01	   9.9802673e-01	
   8.2700000e-01	   9.9211470e-01	
   8.2799917e-01	   9.9211470e-01	
   8.2800000e-01	   9.8228725e-01	
   8.2899917e-01	   9.8228725e-01	
   8.2900000e-01	   9.6858316e-01	
   8.2999917e-01	   9.6858316e-01	
   8.3000000e-01	   9.5105652e-01	
   8.3099917e-01	   9.5105652e-01	
   8.3100000e-01	   9.2977649e-01	
   8.3199917e-01	   9.2977649e-01	
   8.3200000e-01	   9.0482705e-01	
   8.3299917e-01	   9.0482705e-01	
   8.3300000e-01	   8.7630668e-01	
   8.3399917e-01	   8.7630668e-01	
   8.3400000e-01	   8.4432793e-01	
   8.3499916e-01	   8.4432793e-01	
   8.3500000e-01	   8.0901699e-01	
   8.3599916e-01	   8.0901699e-01	
   8.3600000e-01	   7.7051324e-01	
   8.3699916e-01	   7.7051324e-01	
   8.3700000e-01	   7.2896863e-01	
   8.3799916e-01	   7.2896863e-01	
   8.3800000e-01	   6.8454711e-01	
   8.3899916e-01	   6.8454711e-01	
   8.3900000e-01	   6.3742399e-01	
   8.3999916e-01	   6.3742399e-01	
   8.4000000e-01	   5.8778525e-01	
   8.4099916e-01	   5.8778525e-01	
   8.4100000e-01	   5.3582679e-01	
   8.4199916e-01	   5.3582679e-01	
   8.4200000e-01	   4.8175367e-01	
   8.4299916e-01	   4.8175367e-01	
   8.4300000e-01	   4.2577929e-01	
   8.4399916e-01	   4.2577929e-01	
   8.4400000e-01	   3.6812455e-01	
   8.4499916e-01	   3.6812455e-01	
   8.4500000e-01	   3.0901699e-01	
   8.4599915e-01	   3.0901699e-01	
   8.4600000e-01	   2.4868989e-01	
   8.4699915e-01	   2.4868989e-01	
   8.4700000e-01	   1.8738131e-01	
   8.4799915e-01	   1.8738131e-01	
   8.4800000e-01	   1.2533323e-01	
   8.4899915e-01	   1.2533323e-01	
   8.4900000e-01	   6.2790520e-02	
   8.4999915e-01	   6.2790520e-02	
   8.5000000e-01	   5.6346132e-15	
   8.5099915e-01	   5.6346132e-15	
   8.5100000e-01	  -6.2790520e-02	
   8.5199915e-01	  -6.2790520e-02	
   8.5200000e-01	  -1.2533323e-01	
   8.5299915e-01	  -1.2533323e-01	
   8.5300000e-01	  -1.8738131e-01	
   8.5399915e-01	  -1.8738131e-01	
   8.5400000e-01	  -2.4868989e-01	
   8.5499914e-01	  -2.4868989e-01	
   8.5500000e-01	  -3.0901699e-01	
   8.5599914e-01	  -3.0901699e-01	
   8.5600000e-01	  -3.6812455e-01	
   8.5699914e-01	  -3.6812455e-01	
   8.5700000e-01	  -4.2577929e-01	
   8.5799914e-01	  -4.2577929e-01	
   8.5800000e-01	  -4.8175367e-01	
   8.5899914e-01	  -4.8175367e-01	
   8.5900000e-01	  -5.3582679e-01	
   8.5999914e-01	  -5.3582679e-01	
   8.6000000e-01	  -5.8778525e-01	
   8.6099914e-01	  -5.8778525e-01	
   8.6100000e-01	  -6.3742399e-01	
   8.6199914e-01	  -6.3742399e-01	
   8.6200000e-01	  -6.8454711e-01	
   8.6299914e-01	  -6.8454711e-01	
   8.6300000e-01	  -7.2896863e-01	
   8.6399914e-01	  -7.2896863e-01	
   8.6400000e-01	  -7.7051324e-01	
   8.6499914e-01	  -7.7051324e-01	
   8.6500000e-01	  -8.0901699e-01	
   8.6599913e-01	  -8.0901699e-01	
   8.6600000e-01	  -8.4432793e-01	
   8.6699913e-01	  -8.4432793e-01	
   8.6700000e-01	  -8.7630668e-01	
   8.6799913e-01	  -8.7630668e-01	
   8.6800000e-01	  -9.0482705e-01	
   8.6899913e-01	  -9.0482705e-01	
   8.6900000e-01	  -9.2977649e-01	
   8.6999913e-01	  -9.2977649e-01	
   8.7000000e-01	  -9.5105652e-01	
   8.7099913e-01	  -9.5105652e-01	
   8.7100000e-01	  -9.6858316e-01	
   8.7199913e-01	  -9.6858316e-01	
   8.7200000e-01	  -9.8228725e-01	
   8.7299913e-01	  -9.8228725e-01	
   8.7300000e-01	  -9.9211470e-01	
   8.7399913e-01	  -9.9211470e-01	
   8.7400000e-01	  -9.9802673e-01	
   8.7499912e-01	  -9.9802673e-01	
   8.7500000e-01	  -1.0000000e+00	
   8.7599912e-01	  -1.0000000e+00	
   8.7600000e-01	  -9.9802673e-01	
   8.7699912e-01	  -9.9802673e-01	
   8.7700000e-01	  -9.9211470e-01	
   8.7799912e-01	  -9.9211470e-01	
   8.7800000e-01	  -9.8228725e-01	
   8.7899912e-01	  -9.8228725e-01	
   8.7900000e-01	  -9.6858316e-01	
   8.7999912e-01	  -9.6858316e-01	
   8.8000000e-01	  -9.5105652e-01	
   8.8099912e-01	  -9.5105652e-01	
   8.8100000e-01	  -9.2977649e-01	
   8.8199912e-01	  -9.2977649e-01	
   8.8200000e-01	  -9.0482705e-01	
   8.8299912e-01	  -9.0482705e-01	
   8.8300000e-01	  -8.7630668e-01	
   8.8399912e-01	  -8.7630668e-01	
   8.8400000e-01	  -8.4432793e-01	
   8.8499911e-01	  -8.4432793e-01	
   8.8500000e-01	  -8.0901699e-01	
   8.8599911e-01	  -8.0901699e-01	
   8.8600000e-01	  -7.7051324e-01	
   8.8699911e-01	  -7.7051324e-01	
   8.8700000e-01	  -7.2896863e-01	
   8.8799911e-01	  -7.2896863e-01	
   8.8800000e-01	  -6.8454711e-01	
   8.8899911e-01	  -6.8454711e-01	
   8.8900000e-01	  -6.3742399e-01	
   8.8999911e-01	  -6.3742399e-01	
   8.9000000e-01	  -5.8778525e-01	
   8.9099911e-01	  -5.8778525e-01	
   8.9100000e-01	  -5.3582679e-01	
   8.9199911e-01	  -5.3582679e-01	
   8.9200000e-01	  -4.8175367e-01	
   8.9299911e-01	  -4.8175367e-01	
   8.9300000e-01	  -4.2577929e-01	
   8.9399911e-01	  -4.2577929e-01	
   8.9400000e-01	  -3.6812455e-01	
   8.9499911e-01	  -3.6812455e-01	
   8.9500000e-01	  -3.0901699e-01	
   8.9599910e-01	  -3.0901699e-01	
   8.9600000e-01	  -2.4868989e-01	
   8.9699910e-01	  -2.4868989e-01	
   8.9700000e-01	  -1.8738131e-01	
   8.9799910e-01	  -1.8738131e-01	
   8.9800000e-01	  -1.2533323e-01	
   8.9899910e-01	  -1.2533323e-01	
   8.9900000e-01	  -6.2790520e-02	
   8.9999910e-01	  -6.2790520e-02	
   9.0000000e-01	  -2.2043642e-15	
   9.0099910e-01	  -2.2043642e-15	
   9.0100000e-01	   6.2790520e-02	
   9.0199910e-01	   6.2790520e-02	
   9.0200000e-01	   1.2533323e-01	
   9.0299910e-01	   1.2533323e-01	
   9.0300000e-01	   1.8738131e-01	
   9.0399910e-01	   1.8738131e-01	
   9.0400000e-01	   2.4868989e-01	
   9.0499909e-01	   2.4868989e-01	
   9.0500000e-01	   3.0901699e-01	
   9.0599909e-01	   3.0901699e-01	
   9.0600000e-01	   3.6812455e-01	
   9.0699909e-01	   3.6812455e-01	
   9.0700000e-01	   4.2577929e-01	
   9.0799909e-01	   4.2577929e-01	
   9.0800000e-01	   4.8175367e-01	
   9.0899909e-01	   4.8175367e-01	
   9.0900000e-01	   5.3582679e-01	
   9.0999909e-01	   5.3582679e-01	
   9.1000000e-01	   5.8778525e-01	
   9.1099909e-01	   5.8778525e-01	
   9.1100000e-01	   6.3742399e-01	
   9.1199909e-01	   6.3742399e-01	
   9.1200000e-01	   6.8454711e-01	
   9.1299909e-01	   6.8454711e-01	
   9.1300000e-01	   7.2896863e-01	
   9.1399909e-01	   7.2896863e-01	
   9.1400000e-01	   7.7051324e-01	
   9.1499908e-01	   7.7051324e-01	
   9.1500000e-01	   8.0901699e-01	
   9.1599908e-01	   8.0901699e-01	
   9.1600000e-01	   8.4432793e-01	
   9.1699908e-01	   8.4432793e-01	
   9.1700000e-01	   8.7630668e-01	
   9.1799908e-01	   8.7630668e-01	
   9.1800000e-01	   9.0482705e-01	
   9.1899908e-01	   9.0482705e-01	
   9.1900000e-01	   9.2977649e-01	
   9.1999908e-01	   9.2977649e-01	
   9.2000000e-01	   9.5105652e-01	
   9.2099908e-01	   9.5105652e-01	
   9.2100000e-01	   9.6858316e-01	
   9.2199908e-01	   9.6858316e-01	
   9.2200000e-01	   9.8228725e-01	
   9.2299908e-01	   9.8228725e-01	
   9.2300000e-01	   9.9211470e-01	
   9.2399908e-01	   9.9211470e-01	
   9.2400000e-01	   9.9802673e-01	
   9.2499907e-01	   9.9802673e-01	
   9.2500000e-01	   1.0000000e+00	
   9.2599907e-01	   1.0000000e+00	
   9.2600000e-01	   9.9802673e-01	
   9.2699907e-01	   9.9802673e-01	
   9.2700000e-01	   9.9211470e-01	
   9.2799907e-01	   9.9211470e-01	
   9.2800000e-01	   9.8228725e-01	
   9.2899907e-01	   9.8228725e-01	
   9.2900000e-01	   9.6858316e-01	
   9.2999907e-01	   9.6858316e-01	
   9.3000000e-01	   9.5105652e-01	
   9.3099907e-01	   9.5105652e-01	
   9.3100000e-01	   9.2977649e-01	
   9.3199907e-01	   9.2977649e-01	
   9.3200000e-01	   9.0482705e-01	
   9.3299907e-01	   9.0482705e-01	
   9.3300000e-01	   8.7630668e-01	
   9.3399907e-01	   8.7630668e-01	
   9.3400000e-01	   8.4432793e-01	
   9.3499906e-01	   8.4432793e-01	
   9.3500000e-01	   8.0901699e-01	
   9.3599906e-01	   8.0901699e-01	
   9.3600000e-01	   7.7051324e-01	
   9.3699906e-01	   7.7051324e-01	
   9.3700000e-01	   7.2896863e-01	
   9.3799906e-01	   7.2896863e-01	
   9.3800000e-01	   6.8454711e-01	
   9.3899906e-01	   6.8454711e-01	
   9.3900000e-01	   6.3742399e-01	
   9.3999906e-01	   6.3742399e-01	
   9.4000000e-01	   5.8778525e-01	
   9.4099906e-01	   5.8778525e-01	
   9.4100000e-01	   5.3582679e-01	
   9.4199906e-01	   5.3582679e-01	
   9.4200000e-01	   4.8175367e-01	
   9.4299906e-01	   4.8175367e-01	
   9.4300000e-01	   4.2577929e-01	
   9.4399906e-01	   4.2577929e-01	
   9.4400000e-01	   3.6812455e-01	
   9.4499906e-01	   3.6812455e-01	
   9.4500000e-01	   3.0901699e-01	
   9.4599905e-01	   3.0901699e-01	
   9.4600000e-01	   2.4868989e-01	
   9.4699905e-01	   2.4868989e-01	
   9.4700000e-01	   1.8738131e-01	
   9.4799905e-01	   1.8738131e-01	
   9.4800000e-01	   1.2533323e-01	
   9.4899905e-01	   1.2533323e-01	
   9.4900000e-01	   6.2790520e-02	
   9.4999905e-01	   6.2790520e-02	
   9.5000000e-01	   5.8795426e-15	
   9.5099905e-01	   5.8795426e-15	
   9.5100000e-01	  -6.2790520e-02	
   9.5199905e-01	  -6.2790520e-02	
   9.5200000e-01	  -1.2533323e-01	
   9.5299905e-01	  -1.2533323e-01	
   9.5300000e-01	  -1.8738131e-01	
   9.5399905e-01	  -1.8738131e-01	
   9.5400000e-01	  -2.4868989e-01	
   9.5499904e-01	  -2.4868989e-01	
   9.5500000e-01	  -3.0901699e-01	
   9.5599904e-01	  -3.0901699e-01	
   9.5600000e-01	  -3.6812455e-01	
   9.5699904e-01	  -3.6812455e-01	
   9.5700000e-01	  -4.2577929e-01	
   9.5799904e-01	  -4.2577929e-01	
   9.5800000e-01	  -4.8175367e-01	
   9.5899904e-01	  -4.8175367e-01	
   9.5900000e-01	  -5.3582679e-01	
   9.5999904e-01	  -5.3582679e-01	
   9.6000000e-01	  -5.8778525e-01	
   9.6099904e-01	  -5.8778525e-01	
   9.6100000e-01	  -6.3742399e-01	
   9.6199904e-01	  -6.3742399e-01	
   9.6200000e-01	  -6.8454711e-01	
   9.6299904e-01	  -6.8454711e-01	
   9.6300000e-01	  -7.2896863e-01	
   9.6399904e-01	  -7.2896863e-01	
   9.6400000e-01	  -7.7051324e-01	
   9.6499903e-01	  -7.7051324e-01	
   9.6500000e-01	  -8.0901699e-01	
   9.6599903e-01	  -8.0901699e-01	
   9.6600000e-01	  -8.4432793e-01	
   9.6699903e-01	  -8.4432793e-01	
   9.6700000e-01	  -8.7630668e-01	
   9.6799903e-01	  -8.7630668e-01	
   9.6800000e-01	  -9.0482705e-01	
   9.6899903e-01	  -9.0482705e-01	
   9.6900000e-01	  -9.2977649e-01	
   9.6999903e-01	  -9.2977649e-01	
   9.7000000e-01	  -9.5105652e-01	
   9.7099903e-01	  -9.5105652e-01	
   9.7100000e-01	  -9.6858316e-01	
   9.7199903e-01	  -9.6858316e-01	
   9.7200000e-01	  -9.8228725e-01	
   9.7299903e-01	  -9.8228725e-01	
   9.7300000e-01	  -9.9211470e-01	
   9.7399903e-01	  -9.9211470e-01	
   9.7400000e-01	  -9.9802673e-01	
   9.7499902e-01	  -9.9802673e-01	
   9.7500000e-01	  -1.0000000e+00	
   9.7599902e-01	  -1.0000000e+00	
   9.7600000e-01	  -9.9802673e-01	
   9.7699902e-01	  -9.9802673e-01	
   9.7700000e-01	  -9.9211470e-01	
   9.7799902e-01	  -9.9211470e-01	
   9.7800000e-01	  -9.8228725e-01	
   9.7899902e-01	  -9.8228725e-01	
   9.7900000e-01	  -9.6858316e-01	
   9.7999902e-01	  -9.6858316e-01	
   9.8000000e-01	  -9.5105652e-01	
   9.8099902e-01	  -9.5105652e-01	
   9.8100000e-01	  -9.2977649e-01	
   9.8199902e-01	  -9.2977649e-01	
   9.8200000e-01	  -9.0482705e-01	
   9.8299902e-01	  -9.0482705e-01	
   9.8300000e-01	  -8.7630668e-01	
   9.8399902e-01	  -8.7630668e-01	
   9.8400000e-01	  -8.4432793e-01	
   9.8499901e-01	  -8.4432793e-01	
   9.8500000e-01	  -8.0901699e-01	
   9.8599901e-01	  -8.0901699e-01	
   9.8600000e-01	  -7.7051324e-01	
   9.8699901e-01	  -7.7051324e-01	
   9.8700000e-01	  -7.2896863e-01	
   9.8799901e-01	  -7.2896863e-01	
   9.8800000e-01	  -6.8454711e-01	
   9.8899901e-01	  -6.8454711e-01	
   9.8900000e-01	  -6.3742399e-01	
   9.8999901e-01	  -6.3742399e-01	
   9.9000000e-01	  -5.8778525e-01	
   9.9099901e-01	  -5.8778525e-01	
   9.9100000e-01	  -5.3582679e-01	
   9.9199901e-01	  -5.3582679e-01	
   9.9200000e-01	  -4.8175367e-01	
   9.9299901e-01	  -4.8175367e-01	
   9.9300000e-01	  -4.2577929e-01	
   9.9399901e-01	  -4.2577929e-01	
   9.9400000e-01	  -3.6812455e-01	
   9.9499901e-01	  -3.6812455e-01	
   9.9500000e-01	  -3.0901699e-01	
   9.9599900e-01	  -3.0901699e-01	
   9.9600000e-01	  -2.4868989e-01	
   9.9699900e-01	  -2.4868989e-01	
   9.9700000e-01	  -1.8738131e-01	
   9.9799900e-01	  -1.8738131e-01	
   9.9800000e-01	  -1.2533323e-01	
   9.9899900e-01	  -1.2533323e-01	
   9.9900000e-01	   0.0000000e+00	
   9.9950000e-01	   0.0000000e+00	
